seq,ax,ay,az,wroll,wpitch,wyaw,roll,pitch,yaw
6682,6.891665,6.985203,0.128531,-0.022758,-0.111282,0.078686,88.945847,-44.608952,0.000000
6683,6.905237,6.972261,0.114042,-0.048213,-0.120527,0.088465,88.954147,-44.617191,-0.005354
6684,6.908142,6.957912,0.120856,-0.043594,-0.107432,0.075892,88.958748,-44.628502,-0.010619
6685,6.909021,6.959023,0.124685,-0.039158,-0.111287,0.067345,88.961555,-44.638847,-0.015678
6686,6.907555,6.953561,0.121537,-0.046658,-0.105416,0.069323,88.965401,-44.649403,-0.020692
6687,6.908923,6.952868,0.118671,-0.049556,-0.106387,0.059671,88.969994,-44.659744,-0.025595
6689,6.911239,6.957520,0.128344,-0.039076,-0.094044,0.044432,88.970360,-44.668659,-0.030243
6690,6.909940,6.968873,0.124078,-0.046650,-0.086533,0.042975,88.972282,-44.674271,-0.034434
6691,6.907536,6.972644,0.120772,-0.053976,-0.077793,0.040090,88.975006,-44.678265,-0.038246
6692,6.911250,6.981212,0.120820,-0.044827,-0.079670,0.034348,88.977562,-44.680935,-0.041901
6693,6.912144,6.976579,0.121570,-0.040406,-0.069679,0.037650,88.979736,-44.684563,-0.045368
6694,6.904581,6.975803,0.114565,-0.025798,-0.074774,0.046747,88.984894,-44.686817,-0.048714
6696,6.905809,6.976797,0.120008,-0.017573,-0.067895,0.042262,88.987900,-44.689064,-0.052017
6697,6.909968,6.972904,0.118043,-0.014045,-0.059765,0.042353,88.991486,-44.692795,-0.054971
6698,6.907842,6.972677,0.124513,-0.009157,-0.054854,0.039488,88.992165,-44.695873,-0.057620
6699,6.904530,6.978200,0.124320,-0.002953,-0.051580,0.033766,88.992981,-44.696838,-0.060082
6700,6.907736,6.977930,0.126790,-0.017615,-0.045461,0.029707,88.992462,-44.698311,-0.062327
6701,6.904729,6.971461,0.125424,-0.021465,-0.055778,0.031685,88.992256,-44.700386,-0.064672
6703,6.901023,6.972949,0.131740,-0.017810,-0.056901,0.035074,88.989647,-44.701347,-0.067283
6704,6.898745,6.975102,0.129645,-0.027557,-0.047656,0.023593,88.987823,-44.701225,-0.069707
6705,6.901836,6.969335,0.128750,-0.036985,-0.050521,0.019867,88.986015,-44.702694,-0.071988
6706,6.903362,6.971575,0.128773,-0.035773,-0.045913,0.011837,88.984154,-44.703758,-0.074233
6707,6.904196,6.971247,0.129512,-0.024269,-0.039980,0.007021,88.982117,-44.704803,-0.076237
6708,6.905867,6.966599,0.126178,-0.026425,-0.049001,0.000887,88.981720,-44.706936,-0.078318
6710,6.907959,6.960425,0.119963,-0.013752,-0.054774,0.011189,88.984253,-44.710758,-0.080743
6711,6.910225,6.960820,0.120365,-0.011825,-0.051503,0.015250,88.986763,-44.715004,-0.083221
6712,6.908529,6.959757,0.122747,-0.008485,-0.049814,0.019178,88.988159,-44.719021,-0.085580
6713,6.907350,6.957067,0.124057,-0.002304,-0.048181,0.024453,88.989029,-44.723286,-0.087857
6714,6.909902,6.971087,0.124554,-0.000752,-0.040698,0.020700,88.989731,-44.725006,-0.089920
6715,6.908484,6.969261,0.133451,-0.011059,-0.040840,0.015593,88.986473,-44.726543,-0.091814
6717,6.906878,6.971913,0.134139,-0.007744,-0.045404,0.016558,88.983086,-44.727058,-0.093821
6718,6.910797,6.970327,0.129875,-0.003063,-0.040964,0.018967,88.981735,-44.728756,-0.095829
6719,6.912715,6.975448,0.124716,-0.014770,-0.047001,0.027200,88.982521,-44.729904,-0.097870
6720,6.905073,6.963903,0.125688,-0.011334,-0.046936,0.032212,88.982742,-44.731991,-0.100046
6721,6.899194,6.971653,0.118212,-0.000631,-0.033590,0.045915,88.986084,-44.731480,-0.101900
6722,6.901218,6.969618,0.121266,0.009721,-0.028061,0.041458,88.988029,-44.731964,-0.103308
6724,6.895711,6.968702,0.121651,0.004975,-0.034520,0.041575,88.989815,-44.731400,-0.104739
6725,6.896669,6.966872,0.123600,0.016619,-0.030437,0.029880,88.990845,-44.731247,-0.106232
6726,6.901602,6.972217,0.125486,0.029357,-0.023535,0.031853,88.991302,-44.730865,-0.107470
6727,6.908274,6.964906,0.127190,0.032823,-0.030143,0.024905,88.991241,-44.733303,-0.108705
6728,6.910132,6.966243,0.130113,0.025843,-0.024727,0.032944,88.989952,-44.735737,-0.109966
6729,6.907945,6.967372,0.131035,0.016140,-0.019489,0.023008,88.987923,-44.737324,-0.110979
6731,6.906632,6.967344,0.130649,-0.003576,-0.011471,0.016350,88.985489,-44.738300,-0.111688
6732,6.901322,6.972001,0.128494,-0.015266,-0.014046,-0.001896,88.983521,-44.736782,-0.112280
6733,6.902652,6.972251,0.127433,-0.022145,-0.022441,-0.012165,88.981972,-44.735123,-0.113141
6734,6.894500,6.978684,0.121004,-0.024370,-0.020230,-0.019146,88.983147,-44.730286,-0.114153
6735,6.895634,6.974402,0.121396,-0.014716,-0.029898,-0.028850,88.984314,-44.726540,-0.115347
6736,6.899080,6.977488,0.120487,-0.002426,-0.031869,-0.019048,88.986343,-44.723072,-0.116814
6738,6.906734,6.963882,0.118367,-0.000871,-0.033776,-0.000713,88.989319,-44.724613,-0.118360
6739,6.906820,6.969162,0.124021,-0.012650,-0.029717,-0.000690,88.989662,-44.725281,-0.119848
6740,6.908548,6.965356,0.124302,-0.016662,-0.033171,-0.005095,88.989586,-44.726986,-0.121323
6741,6.911438,6.963208,0.125564,-0.011688,-0.029131,0.009831,88.988983,-44.729809,-0.122781
6742,6.905544,6.964609,0.125574,-0.018685,-0.039984,0.009509,88.988487,-44.731213,-0.124392
6743,6.905142,6.967628,0.125560,-0.018072,-0.043101,-0.001134,88.988159,-44.731670,-0.126335
6745,6.901416,6.966115,0.119229,0.000231,-0.031356,0.001855,88.990608,-44.731544,-0.128079
6746,6.906892,6.964966,0.123067,-0.002728,-0.036232,0.010649,88.991478,-44.732967,-0.129657
6747,6.908749,6.969077,0.123333,-0.004115,-0.026189,0.008824,88.992073,-44.733967,-0.131112
6748,6.907708,6.974415,0.123784,-0.006932,-0.016475,0.011487,88.992119,-44.733612,-0.132103
6749,6.906727,6.985332,0.122899,-0.017036,-0.008555,0.027345,88.992119,-44.731121,-0.132674
6750,6.904776,6.982192,0.128414,-0.019429,-0.024509,0.033828,88.989754,-44.729332,-0.133424
6752,6.903683,6.977841,0.125270,-0.012888,-0.013375,0.034195,88.988907,-44.728416,-0.134284
6753,6.898309,6.979232,0.122398,-0.021321,-0.012936,0.036026,88.989075,-44.726189,-0.134872
6754,6.904925,6.978421,0.121555,-0.011767,-0.019892,0.037796,88.989693,-44.725674,-0.135611
6755,6.902829,6.970607,0.125029,0.000426,-0.025143,0.032130,88.989334,-44.726284,-0.136638
6756,6.903217,6.969329,0.124316,-0.001064,-0.009560,0.029600,88.989288,-44.727077,-0.137426
6757,6.900571,6.969168,0.125112,-0.001029,-0.012198,0.031582,88.988693,-44.727299,-0.137911
6759,6.903163,6.969818,0.127689,-0.000995,-0.011798,0.033498,88.987106,-44.727966,-0.138447
6760,6.898554,6.961608,0.131238,-0.002439,-0.001080,0.016165,88.983887,-44.729073,-0.138728
6761,6.894258,6.964291,0.127178,-0.015642,0.007811,0.000876,88.981987,-44.728172,-0.138564
6762,6.899569,6.970674,0.126657,-0.022508,0.006079,-0.005056,88.980019,-44.726772,-0.138240
6763,6.900682,6.982471,0.129423,-0.020295,0.007355,-0.021125,88.977043,-44.722893,-0.137936
6764,6.905511,6.976012,0.124946,-0.015201,0.005638,-0.026336,88.976135,-44.721214,-0.137650
6766,6.909297,6.977496,0.127060,-0.017655,-0.000450,-0.018093,88.974579,-44.720142,-0.137547
6767,6.914230,6.977178,0.134622,-0.006745,-0.018146,-0.002741,88.970490,-44.720562,-0.137991
6768,6.912101,6.975852,0.133863,-0.003572,-0.032310,0.004728,88.967628,-44.721165,-0.139172
6769,6.911985,6.962782,0.129672,-0.009359,-0.031251,0.006049,88.966690,-44.724560,-0.140657
6770,6.904821,6.969226,0.138205,-0.019383,-0.034654,-0.000053,88.962128,-44.724865,-0.142199
6771,6.904274,6.969190,0.134579,-0.023175,-0.033518,0.004377,88.959099,-44.725037,-0.143795
6773,6.902532,6.967395,0.132382,-0.020940,-0.019136,-0.001670,88.956848,-44.725185,-0.145027
6774,6.905552,6.963742,0.134374,-0.012874,-0.008177,-0.001616,88.953629,-44.726597,-0.145669
6775,6.900502,6.972036,0.135710,-0.006548,-0.009385,0.005817,88.950157,-44.725296,-0.146078
6776,6.899370,6.971981,0.130989,0.011378,-0.012029,0.023337,88.949234,-44.724251,-0.146568
6777,6.897533,6.965665,0.131573,0.019860,-0.011635,0.012240,88.948524,-44.724274,-0.147108
6778,6.897548,6.966351,0.129764,0.025112,-0.008302,0.013315,88.948761,-44.724007,-0.147565
6780,6.894262,6.976545,0.131610,0.024289,-0.012457,0.005499,88.948387,-44.720860,-0.148044
6781,6.894752,6.974469,0.132949,0.022017,-0.022380,-0.006488,88.947647,-44.718086,-0.148861
6782,6.896186,6.969698,0.129490,0.009488,-0.024598,-0.018083,88.948288,-44.716370,-0.149971
6783,6.897933,6.978139,0.133240,-0.005582,-0.028220,-0.011586,88.947075,-44.713276,-0.151221
6784,6.901777,6.972715,0.129585,-0.015730,-0.027294,-0.015634,88.947029,-44.712303,-0.152533
6785,6.898416,6.966122,0.127972,-0.022594,-0.019020,-0.019549,88.947182,-44.711914,-0.153632
6787,6.904946,6.965060,0.124960,-0.026281,-0.003637,-0.004150,88.948021,-44.713303,-0.154172
6788,6.907182,6.971193,0.130290,-0.018040,-0.000566,-0.004014,88.946449,-44.714046,-0.154274
6789,6.905461,6.970891,0.125077,0.000262,0.015687,-0.009786,88.947212,-44.714382,-0.153925
6790,6.901761,6.975728,0.127650,0.004681,0.015173,-0.012417,88.947037,-44.712795,-0.153211
6791,6.902177,6.978772,0.129097,0.013383,0.013199,-0.007582,88.946541,-44.710777,-0.152554
6792,6.899517,6.980236,0.129287,0.020324,0.003911,0.000046,88.946426,-44.708210,-0.152157
6794,6.901062,6.976744,0.125225,0.016706,0.009686,-0.011762,88.948067,-44.706757,-0.151843
6795,6.902795,6.976864,0.121159,0.013206,0.003465,-0.008425,88.951195,-44.705593,-0.151543
6796,6.902870,6.977351,0.123931,0.009821,0.013683,-0.008149,88.952858,-44.704449,-0.151148
6797,6.906906,6.972648,0.122930,0.003596,0.011759,-0.016737,88.954536,-44.705032,-0.150561
6798,6.909297,6.970385,0.125629,-0.002425,0.011373,-0.027995,88.954849,-44.706226,-0.150038
6799,6.909195,6.972400,0.130926,-0.009725,0.011001,-0.016746,88.952789,-44.706905,-0.149531
6801,6.907336,6.966672,0.132471,-0.004979,0.004736,-0.016197,88.950211,-44.708523,-0.149176
6802,6.910367,6.961103,0.127116,-0.003340,0.001629,-0.015666,88.950172,-44.711872,-0.149040
6803,6.911781,6.965072,0.124843,-0.004706,0.007479,-0.012201,88.951057,-44.714603,-0.148837
6804,6.909804,6.964079,0.121555,-0.000124,0.021993,-0.011801,88.952972,-44.717060,-0.148157
6805,6.911837,6.966547,0.119417,0.011687,0.019796,-0.011414,88.955757,-44.719322,-0.147187
6806,6.910947,6.964244,0.125311,0.015732,0.013244,-0.008088,88.956352,-44.721802,-0.146421
6808,6.910739,6.966944,0.128917,0.016692,0.003954,-0.004871,88.955780,-44.723656,-0.146023
6809,6.912645,6.965946,0.130762,0.010241,0.002349,0.004144,88.954552,-44.726204,-0.145876
6810,6.914610,6.960643,0.132737,0.011381,-0.011012,0.006960,88.952675,-44.730309,-0.146074
6811,6.910743,6.958329,0.128695,0.013960,-0.019506,0.002304,88.952942,-44.733875,-0.146785
6812,6.908647,6.967911,0.123213,0.010550,-0.021818,0.005180,88.955673,-44.734852,-0.147750
6813,6.908494,6.966478,0.118513,0.019060,-0.034386,0.015342,88.960503,-44.736271,-0.149059
6814,6.903071,6.965057,0.113356,0.027290,-0.034735,0.011887,88.967667,-44.736916,-0.150667
6815,6.904229,6.968567,0.112767,0.029347,-0.030644,-0.001786,88.974846,-44.736774,-0.152195
6816,6.906899,6.968430,0.119082,0.021006,-0.017833,0.001225,88.978714,-44.737026,-0.153331
6817,6.912226,6.962148,0.121724,0.012938,-0.014296,-0.004719,88.980736,-44.739601,-0.154085
6818,6.912205,6.961349,0.124015,-0.003721,0.000932,-0.016372,88.981033,-44.741917,-0.154407
6819,6.914678,6.960263,0.128280,-0.018358,0.005329,-0.014359,88.978752,-44.744678,-0.154272
6820,6.910277,6.962881,0.131690,-0.020708,0.000726,-0.006509,88.974930,-44.745995,-0.154139
6821,6.908473,6.966317,0.128637,-0.012650,-0.006677,0.001084,88.972855,-44.746422,-0.154280
6822,6.906744,6.973360,0.125215,-0.021091,-0.003506,0.009904,88.972397,-44.745296,-0.154514
6823,6.907359,6.980127,0.125814,-0.020399,-0.019626,0.019910,88.971840,-44.743267,-0.155044
6824,6.907013,6.979998,0.124964,-0.012351,-0.020458,0.008926,88.972069,-44.741287,-0.155972
6825,6.909910,6.978886,0.124658,-0.019325,-0.012408,0.016013,88.972305,-44.740170,-0.156732
6826,6.913466,6.974984,0.122923,-0.030499,-0.004622,0.008109,88.972679,-44.740635,-0.157121
6827,6.911491,6.969252,0.124226,-0.008836,-0.007422,-0.003964,88.972549,-44.741524,-0.157402
6828,6.906215,6.960194,0.124873,0.007688,0.006104,-0.009738,88.972534,-44.742847,-0.157438
6829,6.902395,6.957572,0.126376,0.007436,-0.002952,0.003864,88.972069,-44.743969,-0.157367
6830,6.901893,6.959423,0.126122,0.014572,-0.007283,0.003738,88.972061,-44.744770,-0.157604
6831,6.898964,6.955867,0.124871,0.027377,-0.011472,0.000663,88.972992,-44.745609,-0.158041
6832,6.904722,6.961119,0.127857,0.005817,-0.008144,0.002118,88.972565,-44.746487,-0.158500
6833,6.908713,6.970597,0.124293,-0.001754,-0.019684,-0.002379,88.973358,-44.746166,-0.159152
6834,6.916193,6.971176,0.120330,0.014539,-0.023466,-0.003777,88.976128,-44.747215,-0.160165
6835,6.917350,6.973762,0.120707,0.012586,-0.028600,-0.009557,88.978989,-44.747810,-0.161390
6836,6.921304,6.962682,0.123454,-0.005537,-0.035042,-0.009244,88.980362,-44.751377,-0.162889
6837,6.914367,6.963006,0.122002,0.004976,-0.030942,-0.011892,88.982185,-44.753231,-0.164443
6838,6.916544,6.957605,0.126030,0.007765,-0.021072,0.000305,88.982208,-44.756687,-0.165666
6839,6.908316,6.960841,0.128284,0.006034,-0.013001,0.000295,88.981064,-44.757778,-0.166464
6840,6.904666,6.960507,0.123880,0.002884,-0.011099,0.004713,88.981544,-44.758209,-0.167027
6841,6.897802,6.969931,0.125181,0.020500,-0.004832,0.017841,88.981636,-44.755527,-0.167391
6842,6.902342,6.961759,0.126004,0.018352,-0.012053,0.018732,88.981575,-44.755821,-0.167772
6843,6.900655,6.963465,0.124885,0.011847,-0.004278,0.004835,88.981850,-44.755199,-0.168146
6844,6.904279,6.961439,0.124955,-0.007728,-0.005614,0.000249,88.981560,-44.755482,-0.168375
6845,6.904385,6.960639,0.126767,-0.011902,0.001950,0.000241,88.980057,-44.755856,-0.168461
6846,6.904315,6.966567,0.125788,-0.026271,-0.005494,-0.001243,88.978783,-44.754959,-0.168545
6847,6.902879,6.967232,0.124917,-0.028361,-0.003838,-0.005630,88.977768,-44.753582,-0.168766
6848,6.897676,6.970510,0.125057,-0.036287,-0.000760,0.009313,88.976540,-44.750687,-0.168872
6849,6.894741,6.972101,0.127531,-0.024766,0.005168,0.013436,88.974274,-44.747292,-0.168760
6850,6.894807,6.967678,0.127301,-0.021002,0.010902,0.008568,88.972244,-44.744972,-0.168375
6851,6.897116,6.968283,0.124449,-0.015886,0.017924,0.003859,88.971436,-44.742981,-0.167694
6852,6.902956,6.972918,0.122255,-0.012413,0.021765,0.003733,88.971565,-44.741276,-0.166761
6853,6.908153,6.977561,0.123062,0.002753,0.015148,-0.003769,88.971733,-44.739658,-0.165897
6854,6.909778,6.979061,0.116822,-0.001765,0.005796,-0.005122,88.974884,-44.738037,-0.165409
6855,6.913432,6.983899,0.116395,-0.010563,0.001178,0.000950,88.978096,-44.736343,-0.165248
6856,6.912332,6.984930,0.116855,-0.008741,0.005567,-0.010888,88.980858,-44.734200,-0.165094
6857,6.904357,6.979319,0.118410,-0.017310,0.015716,0.002752,88.982475,-44.731682,-0.164598
6858,6.905107,6.975389,0.120240,-0.022646,0.009297,-0.006194,88.982948,-44.730320,-0.164014
6859,6.904736,6.975965,0.120473,-0.020427,0.022275,-0.007467,88.983154,-44.728664,-0.163279
6860,6.899697,6.970034,0.118225,-0.004999,0.020069,-0.008698,88.984344,-44.727230,-0.162294
6861,6.900538,6.969124,0.118966,-0.016642,0.007604,0.001918,88.985451,-44.726379,-0.161648
6862,6.901712,6.968003,0.121882,-0.001337,0.002927,-0.005524,88.985626,-44.726089,-0.161403
6863,6.900185,6.962234,0.116925,0.000182,0.005783,0.003513,88.988083,-44.726727,-0.161200
6864,6.905088,6.967594,0.120859,0.003128,-0.001786,0.012253,88.988976,-44.727516,-0.161100
6865,6.909226,6.968741,0.123824,-0.004354,-0.004679,0.020707,88.988701,-44.729153,-0.161238
6866,6.909318,6.963611,0.122391,-0.013067,-0.003050,0.020028,88.988754,-44.731911,-0.161403
6867,6.912592,6.965503,0.117867,-0.017066,-0.010330,0.019371,88.990570,-44.734814,-0.161700
6868,6.913385,6.965888,0.120772,-0.004699,-0.011467,0.009881,88.991364,-44.737492,-0.162199
6869,6.908375,6.960003,0.124913,-0.004545,-0.011091,-0.002250,88.990593,-44.739849,-0.162725
6870,6.903754,6.958271,0.122784,-0.004396,-0.001872,-0.011032,88.990585,-44.741161,-0.163034
6871,6.902893,6.962025,0.129147,0.016411,0.008521,-0.018050,88.988014,-44.741177,-0.162890
6872,6.901005,6.963884,0.133688,0.002590,0.017097,-0.020410,88.983536,-44.740246,-0.162305
6873,6.902155,6.961789,0.130701,-0.024062,0.022440,-0.012361,88.979630,-44.740128,-0.161392
6874,6.903640,6.961677,0.127474,-0.024749,0.018752,-0.006052,88.976784,-44.740585,-0.160434
6875,6.908727,6.969495,0.132973,-0.031317,0.013710,-0.010282,88.971901,-44.740482,-0.159680
6876,6.910028,6.977503,0.126230,-0.027338,0.010308,-0.008469,88.970184,-44.739002,-0.159125
6877,6.907587,6.975801,0.122453,-0.014635,0.002591,0.003616,88.970528,-44.737675,-0.158825
6878,6.903620,6.978104,0.129486,-0.005300,-0.003398,0.012353,88.968544,-44.735428,-0.158837
6879,6.905912,6.971607,0.126409,0.000777,-0.001810,0.006044,88.968185,-44.735153,-0.158952
6880,6.902000,6.964170,0.122257,0.015511,0.001201,0.007322,88.969757,-44.735542,-0.158960
6881,6.900224,6.953432,0.122971,0.007623,-0.003266,0.005606,88.971008,-44.737743,-0.159004
6882,6.902366,6.954289,0.123249,0.007373,-0.001683,0.003946,88.972000,-44.740047,-0.159116
6883,6.905581,6.950024,0.120545,0.010083,0.011655,-0.006514,88.973839,-44.743599,-0.158883
6884,6.903120,6.952668,0.122423,0.002373,0.009797,0.002555,88.974571,-44.745884,-0.158382
6885,6.905056,6.955530,0.126790,-0.006560,0.013904,0.011326,88.973183,-44.748135,-0.157821
6886,6.908129,6.956881,0.128530,0.003986,0.016400,0.016859,88.971077,-44.750847,-0.157100
6887,6.903806,6.963336,0.131089,0.014187,0.021766,0.007451,88.968277,-44.751125,-0.156196
6888,6.903014,6.969136,0.130459,0.006342,0.013673,0.013110,88.966003,-44.749977,-0.155357
6889,6.902463,6.977714,0.126935,0.013514,0.019128,0.014156,88.965385,-44.747131,-0.154578
6890,6.904491,6.980762,0.124555,0.030782,0.000790,0.007788,88.966393,-44.744152,-0.154102
6891,6.899354,6.980541,0.123498,0.026821,0.003716,0.013436,88.968231,-44.740299,-0.153988
6892,6.906699,6.973436,0.119791,0.006755,0.006546,0.018900,88.970978,-44.739807,-0.153735
6893,6.906792,6.974376,0.120755,0.022768,0.007807,0.021232,88.973061,-44.739285,-0.153382
6894,6.908961,6.969211,0.125144,0.029401,0.017883,0.019060,88.973381,-44.740284,-0.152764
6895,6.906708,6.962971,0.121140,0.021058,0.027628,0.022863,88.974953,-44.742081,-0.151681
6896,6.908205,6.967075,0.121399,0.020368,0.028198,0.025065,88.976059,-44.743347,-0.150353
6897,6.904792,6.974958,0.126020,0.034459,0.024322,0.025719,88.975533,-44.742252,-0.149102
6898,6.902302,6.972702,0.126341,0.028901,0.029428,0.021924,88.974998,-44.741108,-0.147824
6899,6.900354,6.976840,0.124248,0.017623,0.029939,0.016778,88.975029,-44.738632,-0.146417
6900,6.896960,6.984022,0.128268,0.015569,0.031909,0.013276,88.973213,-44.733948,-0.144956
6901,6.896886,6.980761,0.128274,0.010631,0.030863,-0.001918,88.971344,-44.729855,-0.143480
6902,6.900339,6.975346,0.126902,0.004379,0.025424,-0.007759,88.970024,-44.727470,-0.142165
6903,6.903838,6.974591,0.126003,0.005711,0.015735,-0.007505,88.969292,-44.726006,-0.141207
6904,6.905933,6.971019,0.125567,0.004048,0.003412,0.003073,88.969086,-44.725960,-0.140760
6905,6.909544,6.969693,0.125877,-0.003464,-0.007031,0.000020,88.968964,-44.727062,-0.140843
6906,6.910676,6.971250,0.129027,0.002553,-0.008277,0.013303,88.967720,-44.728180,-0.141197
6907,6.907143,6.969826,0.134510,0.000993,-0.010957,0.023198,88.964401,-44.729149,-0.141633
6908,6.906049,6.970853,0.134488,-0.000515,-0.009122,0.019486,88.961227,-44.729729,-0.142086
6909,6.903244,6.968105,0.132153,0.000978,-0.008823,0.014419,88.959122,-44.730133,-0.142493
6910,6.907351,6.966087,0.131991,0.000946,0.001797,0.015422,88.957024,-44.731716,-0.142645
6911,6.906230,6.966664,0.134379,-0.006465,-0.004165,0.013441,88.953865,-44.732841,-0.142689
6912,6.903153,6.971440,0.126721,-0.001825,0.003351,0.015952,88.953979,-44.732330,-0.142696
6913,6.903000,6.972263,0.128283,-0.003241,0.003241,0.024284,88.953384,-44.731808,-0.142526
6914,6.904004,6.972321,0.133604,-0.010514,0.000183,0.011681,88.950546,-44.731419,-0.142431
6915,6.898456,6.971826,0.127960,0.006065,-0.011630,0.005394,88.950546,-44.729725,-0.142692
6917,6.900144,6.973701,0.125336,0.011770,-0.003869,0.003742,88.952057,-44.727966,-0.143052
6918,6.903054,6.970850,0.125877,0.009908,0.002161,-0.006712,88.953102,-44.727287,-0.143093
6919,6.902478,6.969210,0.125870,0.008107,0.005042,-0.009444,88.953888,-44.726650,-0.142931
6920,6.907158,6.968717,0.125956,0.022600,0.007829,-0.000279,88.954704,-44.727219,-0.142633
6921,6.908496,6.963417,0.129969,0.021859,0.019379,0.002682,88.953781,-44.729298,-0.141995
6922,6.909761,6.959477,0.129157,0.029998,0.018744,0.005546,88.953156,-44.732437,-0.141098
6923,6.911663,6.958597,0.131242,0.040822,0.004846,-0.004967,88.952225,-44.735870,-0.140545
6924,6.912004,6.957512,0.125105,0.043911,0.003211,-0.006280,88.954323,-44.739265,-0.140360
6925,6.906902,6.963460,0.123914,0.021809,-0.002798,-0.006075,88.956673,-44.740200,-0.140356
6926,6.908860,6.971511,0.121522,0.004859,-0.005658,-0.010303,88.959465,-44.739784,-0.140560
6927,6.905861,6.970994,0.122191,-0.001203,-0.009900,-0.008489,88.961586,-44.738834,-0.140933
6928,6.906178,6.975066,0.121104,-0.005592,-0.009575,-0.006735,88.963974,-44.737225,-0.141395
6929,6.902146,6.975837,0.125729,-0.008360,-0.013689,-0.021273,88.964302,-44.734482,-0.141952
6930,6.903270,6.976705,0.130206,0.009625,-0.002909,-0.019100,88.962921,-44.731716,-0.142357
6931,6.903524,6.971965,0.133957,0.015213,-0.008717,-0.012570,88.960327,-44.730236,-0.142642
6932,6.908295,6.962238,0.128401,0.002907,-0.008431,-0.019538,88.960045,-44.731834,-0.143056
6933,6.906639,6.960809,0.128254,-0.001616,-0.006679,-0.002662,88.959526,-44.733463,-0.143419
6934,6.913498,6.959653,0.127537,-0.013370,-0.000556,-0.004051,88.958939,-44.736916,-0.143592
6935,6.911933,6.950722,0.119936,-0.020311,-0.006442,-0.009822,88.961143,-44.741623,-0.143761
6936,6.915272,6.950216,0.121685,-0.025549,-0.000327,-0.012452,88.962318,-44.746754,-0.143929
6937,6.911504,6.957860,0.126179,-0.020284,0.010015,-0.003188,88.961380,-44.749355,-0.143708
6938,6.912482,6.955326,0.127408,-0.028474,0.020018,-0.011939,88.959602,-44.752548,-0.143010
6939,6.910297,6.964027,0.129157,-0.009830,0.022313,0.012067,88.957230,-44.753571,-0.142018
6940,6.912020,6.971555,0.135438,-0.002128,0.024534,0.020527,88.952789,-44.753841,-0.140907
6941,6.908270,6.974737,0.134640,0.011225,0.020777,0.025758,88.949272,-44.752888,-0.139827
6942,6.911224,6.976663,0.135774,0.007905,0.014193,0.024913,88.945801,-44.752266,-0.138987
6943,6.910264,6.977108,0.135394,0.007646,0.018155,0.030000,88.942650,-44.751453,-0.138207
6944,6.910178,6.969170,0.132397,0.005919,0.011656,0.018685,88.940834,-44.752209,-0.137489
6945,6.909121,6.966883,0.124670,0.004249,-0.004961,0.010693,88.942581,-44.752907,-0.137320
6946,6.907696,6.960894,0.121162,-0.000318,-0.003322,0.010343,88.945778,-44.754391,-0.137506
6947,6.904713,6.959791,0.121231,0.011500,-0.001737,0.005576,88.948845,-44.755325,-0.137618
6948,6.901818,6.956217,0.117571,0.012598,-0.007584,0.005393,88.953514,-44.756287,-0.137832
6949,6.900311,6.958998,0.119707,0.022517,0.005948,0.005216,88.957146,-44.756298,-0.137866
6950,6.899583,6.958295,0.121021,0.015875,0.013132,0.002093,88.959778,-44.756241,-0.137416
6951,6.900316,6.966799,0.120051,-0.000880,0.015653,-0.005355,88.962212,-44.754421,-0.136743
6952,6.901036,6.969585,0.117166,-0.008231,0.018092,-0.011083,88.965279,-44.752071,-0.135959
6953,6.906630,6.968441,0.121247,-0.003533,0.007168,-0.015147,88.966599,-44.751068,-0.135377
6954,6.906136,6.970287,0.120390,-0.022604,-0.015206,-0.011699,88.968513,-44.749634,-0.135576
6955,6.907299,6.968825,0.124392,-0.027767,-0.005852,-0.012791,88.968498,-44.748840,-0.136080
6956,6.907401,6.965022,0.129464,-0.016525,-0.011564,-0.018275,88.966408,-44.748764,-0.136500
6957,6.907440,6.966797,0.133437,-0.018935,-0.017088,-0.014724,88.963120,-44.748295,-0.137185
6958,6.903435,6.972294,0.131424,-0.028646,-0.009148,-0.012766,88.960640,-44.745983,-0.137811
6959,6.902896,6.970982,0.128404,-0.030659,0.007387,-0.015299,88.958939,-44.743938,-0.137864
6960,6.904010,6.971332,0.125531,-0.029653,-0.001711,-0.014797,88.958374,-44.742130,-0.137743
6961,6.902286,6.970568,0.121043,-0.033109,-0.000179,-0.006933,88.959755,-44.740364,-0.137796
6962,6.901151,6.966701,0.120428,-0.034975,0.002779,-0.012609,88.961136,-44.739281,-0.137743
6963,6.900578,6.965174,0.120059,-0.039732,-0.006168,-0.019575,88.962585,-44.738251,-0.137835
6964,6.901677,6.967672,0.124653,-0.041381,-0.014821,-0.023361,88.962265,-44.736805,-0.138344
6965,6.900667,6.969413,0.126560,-0.040025,-0.008432,-0.009312,88.961220,-44.735020,-0.138903
6966,6.901581,6.966850,0.123810,-0.032809,-0.008155,-0.020814,88.961372,-44.734089,-0.139304
6967,6.909897,6.967099,0.120345,-0.030258,-0.010840,-0.012752,88.963135,-44.734837,-0.139762
6968,6.911180,6.968644,0.121329,-0.017458,0.002799,-0.015286,88.964485,-44.735577,-0.139962
6969,6.911848,6.963305,0.121835,-0.015410,0.007135,-0.002978,88.965469,-44.737663,-0.139737
6970,6.918939,6.968229,0.124122,-0.004574,0.002473,-0.007308,88.965706,-44.740219,-0.139516
6971,6.917802,6.972111,0.132891,-0.002948,0.006820,0.000311,88.962563,-44.741634,-0.139301
6972,6.915103,6.975559,0.133798,-0.007279,0.003645,-0.010030,88.959167,-44.741665,-0.139060
6973,6.918203,6.976550,0.133973,0.001815,-0.003854,0.006533,88.956123,-44.742233,-0.139066
6974,6.919544,6.971534,0.128946,0.012087,-0.014059,0.004843,88.955833,-44.744339,-0.139481
6975,6.909005,6.970521,0.129239,0.004311,-0.003267,0.006160,88.955460,-44.744358,-0.139883
6976,6.910132,6.969940,0.126369,-0.001734,-0.017919,0.005958,88.956123,-44.744759,-0.140374
6977,6.905347,6.970539,0.125075,0.011606,-0.012904,0.008715,88.957558,-44.744072,-0.141090
6978,6.899491,6.972384,0.121952,0.002370,-0.011005,0.012857,88.960167,-44.741943,-0.141642
6979,6.898572,6.987607,0.120817,-0.000659,-0.000313,-0.008227,88.962837,-44.736340,-0.141905
6980,6.903571,6.986041,0.116452,0.002314,-0.007682,-0.021241,88.967110,-44.731850,-0.142104
6981,6.901364,6.990993,0.114955,0.002239,0.001425,-0.017592,88.971832,-44.725967,-0.142267
6982,6.903526,6.987334,0.118377,-0.005214,0.005806,-0.008160,88.974556,-44.721771,-0.142108
6983,6.907678,6.987203,0.121586,0.017095,-0.006191,-0.019700,88.976181,-44.718628,-0.142128
6984,6.904210,6.983089,0.125148,0.013583,-0.013368,-0.017578,88.976837,-44.715611,-0.142602
6985,6.901154,6.978262,0.125705,0.011662,-0.011454,-0.011098,88.977196,-44.713234,-0.143195
6986,6.899531,6.972195,0.127859,0.014231,-0.025837,-0.013686,88.976807,-44.711945,-0.144079
6987,6.899273,6.974510,0.126764,0.019668,-0.045653,-0.019141,88.977570,-44.710075,-0.145767
6988,6.899845,6.967887,0.126910,-0.001639,-0.033825,-0.017038,88.978058,-44.709728,-0.147644
6989,6.902791,6.966058,0.123834,-0.000110,-0.025337,-0.010575,88.979141,-44.710526,-0.149041
6990,6.906464,6.969038,0.123894,-0.000106,-0.023030,-0.007277,88.980019,-44.711586,-0.150182
6991,6.909713,6.975972,0.124540,0.005801,-0.003088,0.003293,88.980377,-44.712051,-0.150795
6992,6.904848,6.978282,0.118662,0.005611,0.010296,-0.004195,88.982719,-44.711071,-0.150627
6993,6.905881,6.985721,0.114446,0.009854,0.007007,0.001846,88.986626,-44.708817,-0.150222
6994,6.905241,6.988041,0.115032,0.000676,0.005301,0.006214,88.990112,-44.706234,-0.149931
6995,6.903574,6.985230,0.117057,0.000654,0.008079,0.003058,88.992416,-44.704021,-0.149613
6996,6.902402,6.983692,0.116678,-0.005271,0.007814,-0.002946,88.994614,-44.701847,-0.149241
6997,6.906198,6.980201,0.123021,0.000805,0.013462,0.000103,88.993996,-44.701214,-0.148744
6998,6.903681,6.974492,0.128773,-0.003649,0.020400,-0.005804,88.990837,-44.701191,-0.147953
6999,6.901816,6.968189,0.131283,0.005326,0.012352,-0.010042,88.986847,-44.701908,-0.147192
7000,6.900424,6.970627,0.134145,0.005151,0.003091,-0.002333,88.982307,-44.701847,-0.146835
7001,6.906206,6.966963,0.127268,0.003507,0.004466,-0.005208,88.980888,-44.703850,-0.146661
7002,6.906619,6.965325,0.125110,0.004868,-0.001584,0.003818,88.980484,-44.706280,-0.146594
7003,6.906372,6.966826,0.124138,0.006184,-0.003008,-0.006639,88.980667,-44.708210,-0.146703
7004,6.908009,6.965662,0.119711,0.005981,0.004470,-0.007897,88.982582,-44.710453,-0.146674
7005,6.909972,6.963827,0.118305,0.008737,-0.001580,-0.000259,88.984978,-44.713474,-0.146610
7006,6.906072,6.963847,0.131370,0.014354,-0.008908,0.011557,88.982216,-44.715794,-0.146851
7007,6.905636,6.961505,0.130644,0.009456,-0.005664,0.012654,88.979950,-44.718597,-0.147183
7008,6.904068,6.964601,0.128199,0.000291,0.003377,0.026998,88.978401,-44.720551,-0.147220
7009,6.908811,6.969977,0.135022,-0.007098,0.007694,0.020210,88.973694,-44.722374,-0.146942
7010,6.906140,6.968728,0.130155,-0.003914,0.017773,0.010692,88.970924,-44.723564,-0.146333
7011,6.908005,6.967975,0.117657,-0.006737,0.014238,0.005914,88.973335,-44.725056,-0.145576
7012,6.909807,6.967545,0.117811,-0.009468,0.016723,0.002768,88.975487,-44.726807,-0.144847
7013,6.909441,6.967310,0.118528,-0.000303,0.007320,0.002677,88.977448,-44.728394,-0.144281
7014,6.906399,6.960104,0.111861,0.010039,0.004128,0.014397,88.982506,-44.730961,-0.144006
7015,6.909389,6.964154,0.116847,0.014137,0.003993,0.009497,88.985565,-44.733280,-0.143806
7016,6.906633,6.965896,0.123542,0.016625,0.011241,0.006234,88.985725,-44.734398,-0.143443
7017,6.906427,6.974256,0.121230,0.013129,0.013824,0.016360,88.986717,-44.733814,-0.142847
7018,6.908864,6.971162,0.121522,0.002367,0.010419,0.009920,88.987305,-44.734459,-0.142268
7020,6.906198,6.971589,0.123160,0.002289,-0.001729,0.003692,88.987267,-44.734226,-0.142059
7021,6.901625,6.972837,0.114639,-0.000737,-0.003149,0.005047,88.990906,-44.732758,-0.142170
7022,6.898920,6.977212,0.115062,-0.011044,-0.003045,0.001929,88.994026,-44.729874,-0.142312
7023,6.898920,6.979584,0.121203,-0.012158,-0.008849,-0.006989,88.994400,-44.726437,-0.142593
7024,6.897374,6.980705,0.119244,0.010379,-0.004131,-0.003808,88.995926,-44.722538,-0.142901
7025,6.896472,6.987076,0.117285,0.008563,0.015191,0.003696,88.998169,-44.717510,-0.142642
7026,6.899324,6.987720,0.118420,0.005330,0.014693,0.012430,88.999466,-44.713440,-0.141935
7027,6.901487,6.989261,0.116528,0.014011,0.017163,0.012023,89.001534,-44.709846,-0.141179
7028,6.899383,6.983817,0.109632,0.019455,0.019552,0.014580,89.006439,-44.707165,-0.140308
7029,6.900933,6.983041,0.110988,0.009962,0.026291,-0.000657,89.010330,-44.704891,-0.139228
7030,6.904367,6.980470,0.116600,0.012587,0.018049,0.000841,89.011627,-44.703735,-0.138189
7031,6.904757,6.973759,0.121201,0.019554,0.021885,-0.002139,89.011147,-44.704056,-0.137254
7032,6.908026,6.970684,0.121990,0.015961,0.024119,0.000883,89.010300,-44.705669,-0.136176
7033,6.907360,6.970474,0.126920,0.009534,0.018901,0.006758,89.007355,-44.707230,-0.135165
7034,6.905942,6.970552,0.125327,0.018077,0.003522,0.027199,89.005562,-44.708828,-0.134626
7035,6.906828,6.971761,0.129317,0.018960,0.001931,0.033687,89.002640,-44.710701,-0.134474
7036,6.908759,6.972022,0.128147,0.010959,-0.006988,0.023727,89.000397,-44.712776,-0.134569
7037,6.908204,6.963723,0.124781,0.007648,-0.005283,0.031804,88.999519,-44.716324,-0.134834
7038,6.908618,6.957809,0.126850,0.013301,0.002270,0.017479,88.997688,-44.720886,-0.134885
7039,6.907753,6.952546,0.125520,0.005485,0.011051,0.015430,88.996170,-44.725868,-0.134559
7040,6.905029,6.952592,0.123060,0.000878,0.007737,-0.001311,88.995461,-44.729736,-0.134113
7041,6.904154,6.962247,0.124469,0.008228,0.008959,0.004636,88.994362,-44.731068,-0.133721
7042,6.905009,6.969250,0.124831,0.013862,-0.010521,-0.002896,88.993713,-44.731049,-0.133757
7043,6.907003,6.974857,0.122324,0.004553,-0.011652,0.004579,88.994431,-44.730305,-0.134275
7044,6.908854,6.974694,0.127179,-0.002976,-0.018650,-0.002951,88.992981,-44.730000,-0.134985
7045,6.909080,6.970369,0.124059,-0.004354,-0.015086,0.003050,88.992760,-44.730633,-0.135775
7046,6.908711,6.963488,0.123103,-0.016019,-0.010164,-0.016237,88.992561,-44.732365,-0.136372
7047,6.906869,6.966364,0.123305,-0.016970,0.001976,-0.012753,88.991844,-44.732780,-0.136576
7048,6.904199,6.963612,0.119888,-0.011986,-0.011372,-0.013811,88.992630,-44.733238,-0.136807
7049,6.908045,6.972177,0.119095,0.001690,-0.008047,-0.011882,88.994217,-44.732731,-0.137272
7050,6.908290,6.975876,0.114994,-0.008696,-0.009259,-0.012968,88.997452,-44.731567,-0.137688
7051,6.907888,6.981322,0.112564,-0.009887,-0.007480,-0.008116,89.001366,-44.729328,-0.138089
7052,6.908603,6.983594,0.119080,-0.008087,-0.005759,-0.016705,89.002380,-44.726799,-0.138409
7053,6.912227,6.989257,0.119977,-0.009298,0.003286,-0.011730,89.002861,-44.723927,-0.138478
7054,6.907108,6.988564,0.118078,-0.022276,0.006130,-0.009869,89.003677,-44.720387,-0.138266
7055,6.908930,6.991768,0.121719,-0.012690,0.011832,-0.013974,89.002800,-44.716698,-0.137855
7056,6.904998,6.991566,0.120202,-0.001943,0.008493,0.002719,89.002869,-44.712620,-0.137384
7057,6.905688,6.983152,0.113725,0.004024,0.009690,0.011486,89.005821,-44.711040,-0.136952
7058,6.902297,6.976111,0.114764,0.011272,0.007896,0.008157,89.008369,-44.710365,-0.136532
7059,6.901536,6.977158,0.116676,0.021233,0.003210,0.012318,89.010384,-44.709358,-0.136263
7060,6.901045,6.975074,0.119564,0.029393,-0.005751,0.017817,89.011597,-44.708874,-0.136310
7061,6.905441,6.967373,0.121589,0.032857,-0.014418,0.003950,89.012321,-44.710773,-0.136774
7062,6.903967,6.970945,0.120470,0.021448,-0.021324,0.003821,89.013618,-44.711327,-0.137609
7063,6.903933,6.973389,0.120464,0.023697,-0.025053,-0.003684,89.014893,-44.711224,-0.138695
7064,6.905381,6.973296,0.119887,0.015540,-0.024232,-0.007991,89.016296,-44.711262,-0.139855
7065,6.908678,6.965639,0.114782,0.003224,-0.013106,-0.015108,89.019165,-44.713387,-0.140739
7066,6.910656,6.966168,0.118432,-0.013117,-0.003821,-0.008710,89.019623,-44.715679,-0.141145
7067,6.912780,6.965532,0.121485,-0.006783,-0.006647,-0.006948,89.018532,-44.718544,-0.141397
7068,6.916038,6.968186,0.125877,-0.012464,-0.003478,0.005087,89.015717,-44.721596,-0.141635
7069,6.915454,6.965047,0.127922,-0.010580,0.002540,0.006396,89.011971,-44.725220,-0.141652
7070,6.914653,6.970274,0.128499,-0.005805,-0.007874,0.017993,89.008385,-44.727627,-0.141767
7071,6.911187,6.970435,0.127592,0.007668,-0.004664,0.021831,89.005745,-44.729412,-0.142045
7072,6.911931,6.971823,0.124469,0.013320,0.008772,0.015212,89.004578,-44.730942,-0.141934
7073,6.908703,6.967999,0.119116,0.017311,0.008484,0.002906,89.005592,-44.732227,-0.141522
7074,6.910534,6.967785,0.116981,0.024123,0.000826,-0.003093,89.007729,-44.733589,-0.141304
7075,6.909322,6.974764,0.119474,0.029236,0.006703,-0.019226,89.009010,-44.732841,-0.141137
7076,6.914284,6.975703,0.123660,0.022374,0.010911,-0.031879,89.008339,-44.732494,-0.140745
7077,6.910799,6.973909,0.126131,0.017213,0.004649,-0.033786,89.006516,-44.731571,-0.140406
7078,6.913336,6.972675,0.125939,0.007793,0.007449,-0.040058,89.004677,-44.731346,-0.140153
7079,6.912551,6.976046,0.127243,0.009013,0.011632,-0.046124,89.002182,-44.730076,-0.139740
7080,6.909650,6.970511,0.125997,-0.001613,0.014203,-0.040184,89.000031,-44.729404,-0.139169
7081,6.909144,6.974329,0.124051,-0.005988,0.010785,-0.035915,88.998589,-44.728046,-0.138614
7082,6.909288,6.972007,0.124662,-0.013171,0.013383,-0.034737,88.996780,-44.727348,-0.138076
7083,6.908778,6.980164,0.127165,-0.017167,0.012944,-0.023267,88.993881,-44.725094,-0.137483
7084,6.907913,6.981316,0.127870,-0.023983,0.005141,-0.016601,88.990799,-44.722824,-0.137075
7085,6.907729,6.978164,0.127030,-0.020245,0.006448,-0.002774,88.988235,-44.721603,-0.136811
7086,6.906075,6.974593,0.120380,-0.012202,0.000333,0.000269,88.988762,-44.721127,-0.136653
7087,6.900558,6.975877,0.119312,-0.005899,0.004750,0.001736,88.989967,-44.719341,-0.136533
7088,6.896614,6.970536,0.115276,-0.004230,-0.002785,-0.010128,88.992905,-44.717773,-0.136491
7089,6.895816,6.969922,0.112973,-0.012946,0.007637,-0.005368,88.996483,-44.716141,-0.136383
7090,6.896548,6.975075,0.115385,-0.008094,0.004435,-0.006668,88.998756,-44.713726,-0.136105
7091,6.891164,6.977687,0.120584,-0.013733,0.004290,-0.007925,88.998840,-44.709721,-0.135907
7092,6.898849,6.979443,0.117828,-0.011806,0.004149,-0.001762,89.000008,-44.707237,-0.135713
7093,6.901318,6.979630,0.121126,-0.002564,0.009917,0.016007,88.999847,-44.705719,-0.135378
7094,6.901488,6.974985,0.122224,-0.003956,0.009592,0.021385,88.999245,-44.705627,-0.134906
7095,6.900600,6.978229,0.122441,-0.002350,0.009277,0.020684,88.998611,-44.704762,-0.134447
7096,6.905156,6.977159,0.123491,-0.003749,0.010449,0.031813,88.997559,-44.705265,-0.133963
7097,6.903718,6.980543,0.128519,-0.018385,0.001251,0.023391,88.994392,-44.704777,-0.133667
7098,6.901829,6.980146,0.126918,-0.022210,0.004162,0.012293,88.991852,-44.703701,-0.133525
7099,6.905144,6.985084,0.124919,-0.012627,-0.001878,0.005986,88.990440,-44.702087,-0.133465
7100,6.905219,6.979500,0.125174,-0.024020,-0.006244,0.005790,88.989090,-44.701614,-0.133650
7101,6.905562,6.976564,0.120727,-0.024708,0.001340,-0.004731,88.989372,-44.701687,-0.133765
7102,6.903622,6.971856,0.118533,-0.007663,0.010151,-0.010480,88.990517,-44.702065,-0.133501
7103,6.903487,6.971399,0.120099,-0.000033,0.006867,-0.005708,88.991257,-44.702465,-0.133109
7104,6.899649,6.967514,0.124135,0.004396,0.008118,-0.001094,88.990494,-44.702984,-0.132761
7105,6.901690,6.969284,0.122119,0.024915,0.013755,-0.009913,88.990898,-44.703476,-0.132253
7106,6.903737,6.973309,0.126004,0.031477,0.001497,0.000743,88.990250,-44.703556,-0.131899
7107,6.906388,6.966703,0.123054,0.020114,-0.007408,0.000719,88.991051,-44.705723,-0.132037
7108,6.909285,6.967441,0.120936,0.012075,-0.010117,0.003647,88.992561,-44.708290,-0.132446
7109,6.909476,6.964866,0.118414,-0.007508,-0.006833,-0.009756,88.994568,-44.711140,-0.132846
