seq,ax,ay,az,wroll,wpitch,wyaw,roll,pitch,yaw,vx,vy,vz
6031,0.038855,0.038762,-0.000413,-0.195208,-0.030649,0.040538,90.610374,-45.066402,0.000000,0.000000,0.000000,0.000000
6032,0.045309,0.039041,0.008754,-0.173559,-0.063354,0.028804,90.579140,-45.076515,0.001156,0.000681,0.001743,-0.000205
6033,0.040900,0.036036,0.008860,-0.137625,-0.046148,0.039465,90.548691,-45.084953,0.002294,0.001247,0.003038,-0.000182
6034,0.025213,0.034982,0.006575,-0.132032,-0.020845,0.042453,90.525276,-45.072651,0.003659,0.001289,0.003949,-0.000206
6035,0.023265,0.029435,0.006939,-0.135301,0.023494,0.039480,90.501060,-45.064140,0.005024,0.000970,0.004505,-0.000261
6036,0.016405,0.020737,0.009907,-0.101347,0.047814,0.044090,90.469406,-45.057045,0.006417,0.000543,0.004633,-0.000237
6038,0.008839,0.016047,0.008363,-0.086218,0.075764,0.048548,90.442940,-45.045128,0.007961,-0.000074,0.004442,-0.000189
6039,0.009741,0.012969,0.004408,-0.078963,0.093943,0.061715,90.427795,-45.037888,0.009799,-0.000684,0.004113,-0.000258
6040,0.018701,0.013200,-0.001846,-0.073423,0.086435,0.062644,90.430054,-45.042389,0.011872,-0.000964,0.003775,-0.000509
6041,0.024256,0.020307,-0.003982,-0.054781,0.061463,0.060590,90.438438,-45.045258,0.013925,-0.000893,0.003631,-0.000865
6042,0.030782,0.024097,-0.001190,-0.063316,0.043213,0.052700,90.439232,-45.052601,0.015814,-0.000596,0.003708,-0.001124
6043,0.036781,0.028206,-0.007083,-0.064192,0.044748,0.052448,90.455933,-45.062714,0.017566,-0.000117,0.003898,-0.001379
6045,0.038375,0.027396,0.001034,-0.079799,0.028522,0.034494,90.450096,-45.076435,0.019015,0.000405,0.004086,-0.001526
6046,0.032989,0.023591,0.004904,-0.078659,0.018732,0.030411,90.433487,-45.088470,0.020097,0.000736,0.004116,-0.001397
6047,0.029131,0.018941,0.002224,-0.077556,0.000407,0.027938,90.424385,-45.102036,0.021069,0.000809,0.003949,-0.001265
6048,0.031320,0.022328,-0.001726,-0.079441,0.000394,0.037354,90.426056,-45.114197,0.022158,0.000828,0.003769,-0.001282
6049,0.020970,0.022174,0.002957,-0.084216,-0.005523,0.036129,90.414749,-45.112541,0.023382,0.000679,0.003668,-0.001274
6050,0.015176,0.026367,-0.008345,-0.069648,0.000561,0.030517,90.434570,-45.097069,0.024493,0.000243,0.003644,-0.001388
6052,0.022422,0.026786,-0.007096,-0.071792,0.003495,0.028041,90.451134,-45.090824,0.025469,-0.000069,0.003692,-0.001664
6053,0.028370,0.029140,-0.004022,-0.075342,0.003380,0.031549,90.459091,-45.089485,0.026462,-0.000056,0.003760,-0.001785
6054,0.025251,0.028565,-0.000208,-0.068444,0.003270,0.021659,90.456642,-45.084721,0.027349,0.000011,0.003824,-0.001733
6055,0.034622,0.025477,-0.004804,-0.063249,-0.007169,0.016522,90.467079,-45.097130,0.027985,0.000184,0.003779,-0.001697
6056,0.037719,0.025084,-0.000577,-0.061175,-0.008410,0.020408,90.466026,-45.114540,0.028601,0.000561,0.003651,-0.001665
6057,0.030239,0.025568,0.002516,-0.056218,0.005149,0.004980,90.456596,-45.120869,0.029024,0.000766,0.003530,-0.001487
6059,0.021661,0.023512,0.001251,-0.063230,0.012360,-0.002563,90.450668,-45.117924,0.029064,0.000608,0.003383,-0.001304
6060,0.018839,0.022801,-0.003361,-0.065585,0.004575,-0.012811,90.457268,-45.112053,0.028808,0.000259,0.003192,-0.001267
6061,0.016845,0.022605,-0.000592,-0.063435,0.025088,-0.009439,90.456253,-45.103546,0.028437,-0.000109,0.003006,-0.001266
6062,0.014140,0.024300,-0.002523,-0.062831,0.025741,-0.007653,90.460541,-45.088638,0.028152,-0.000487,0.002871,-0.001240
6063,0.028971,0.029904,-0.000579,-0.037157,0.020469,0.010308,90.459808,-45.086464,0.028197,-0.000542,0.002889,-0.001213
6064,0.029903,0.030041,-0.000237,-0.028559,0.019798,0.026205,90.458694,-45.085480,0.028805,-0.000274,0.002997,-0.001139
6066,0.034034,0.027694,-0.000467,-0.026147,0.028005,0.037153,90.458450,-45.093235,0.029861,0.000035,0.003019,-0.001072
6067,0.037485,0.031123,0.001195,-0.017910,0.019707,0.035935,90.453766,-45.101009,0.031079,0.000424,0.003039,-0.000985
6068,0.041810,0.031292,0.000786,-0.015847,0.019061,0.031806,90.450378,-45.114586,0.032208,0.000876,0.003104,-0.000886
6069,0.033955,0.028043,-0.005275,-0.037466,0.008105,0.024859,90.463364,-45.121998,0.033153,0.001154,0.003076,-0.000930
6070,0.033404,0.033090,-0.003292,-0.028858,0.004887,0.015189,90.470551,-45.121983,0.033820,0.001199,0.003069,-0.001037
6071,0.029179,0.033105,-0.005717,-0.038244,0.009155,0.010263,90.484367,-45.116127,0.034244,0.001134,0.003143,-0.001123
6073,0.025428,0.033561,-0.004030,-0.034038,0.005903,0.014354,90.493431,-45.104527,0.034655,0.000920,0.003189,-0.001197
6074,0.023045,0.031399,-0.001095,-0.037350,0.005709,0.022739,90.494499,-45.092735,0.035273,0.000628,0.003172,-0.001158
6075,0.021851,0.031306,-0.000193,-0.036125,0.014377,0.013138,90.493057,-45.079323,0.035871,0.000327,0.003095,-0.001044
6076,0.024676,0.029081,-0.000023,-0.036417,0.022761,0.012707,90.491234,-45.072571,0.036301,0.000122,0.002970,-0.000929
6077,0.023762,0.030600,0.001061,-0.027844,0.017588,0.019670,90.486534,-45.062454,0.036841,-0.000002,0.002839,-0.000808
6078,0.026761,0.025793,-0.001465,-0.035786,0.006680,0.014598,90.488892,-45.063286,0.037412,-0.000057,0.002656,-0.000737
6080,0.022959,0.029918,-0.001694,-0.039041,0.006461,0.009692,90.491600,-45.053436,0.037817,-0.000116,0.002482,-0.000731
6081,0.023125,0.029629,-0.001530,-0.028905,0.006249,0.016753,90.493973,-45.044228,0.038258,-0.000232,0.002406,-0.000722
6082,0.026693,0.024397,-0.002666,-0.026482,-0.004287,0.020632,90.499794,-45.047253,0.038881,-0.000248,0.002224,-0.000730
6083,0.024743,0.025777,-0.001341,-0.027090,-0.002671,0.021431,90.501961,-45.045879,0.039582,-0.000227,0.001993,-0.000728
6084,0.025629,0.027430,0.001546,-0.023250,0.009224,0.019253,90.496223,-45.043259,0.040260,-0.000230,0.001859,-0.000639
6085,0.032917,0.023933,0.005609,-0.022487,0.003018,0.018622,90.479507,-45.055363,0.040891,-0.000072,0.001706,-0.000431
6087,0.036073,0.027989,0.005381,-0.029130,-0.007412,0.025391,90.463249,-45.066475,0.041625,0.000255,0.001588,-0.000191
6088,0.033623,0.031163,0.005306,-0.026699,-0.008645,0.012751,90.447090,-45.070061,0.042261,0.000523,0.001626,-0.000008
6089,0.034135,0.026926,0.005458,-0.024348,-0.015741,0.009381,90.430687,-45.080288,0.042629,0.000690,0.001625,0.000135
6090,0.028613,0.025780,0.001745,-0.023549,-0.018177,0.009074,90.424576,-45.084648,0.042937,0.000718,0.001509,0.000177
6091,0.024428,0.024821,-0.001491,-0.016874,-0.014629,0.002873,90.427498,-45.084541,0.043136,0.000547,0.001368,0.000073
6092,0.017782,0.017726,0.000354,-0.014845,-0.006770,0.013110,90.425629,-45.084908,0.043402,0.000198,0.001092,-0.000035
6094,0.017030,0.017480,-0.001889,-0.015834,0.003783,0.027439,90.429955,-45.084248,0.044078,-0.000219,0.000727,-0.000128
6095,0.021174,0.021163,-0.004182,-0.012363,0.013990,0.011781,90.440529,-45.083836,0.044732,-0.000476,0.000505,-0.000287
6096,0.013574,0.019819,-0.002471,-0.014909,0.020911,0.008443,90.446442,-45.074589,0.045069,-0.000741,0.000374,-0.000421
6097,0.020535,0.017641,-0.004701,-0.004089,0.014322,0.009642,90.458672,-45.077854,0.045370,-0.000956,0.000201,-0.000533
6098,0.022793,0.020847,-0.006801,-0.006907,0.028612,-0.005433,90.476707,-45.079643,0.045441,-0.000937,0.000085,-0.000701
6099,0.024678,0.024773,-0.008688,-0.015536,0.017342,-0.012635,90.499619,-45.078541,0.045139,-0.000836,0.000133,-0.000905
6101,0.029018,0.025256,-0.008081,-0.013551,0.012346,-0.004841,90.520706,-45.082989,0.044848,-0.000630,0.000255,-0.001084
6102,0.036679,0.028076,-0.007750,-0.008679,-0.002818,0.004173,90.540894,-45.094372,0.044837,-0.000232,0.000414,-0.001198
6103,0.030648,0.030042,-0.003678,-0.012822,0.001703,0.014367,90.549843,-45.095036,0.045146,0.000111,0.000628,-0.001193
6104,0.030410,0.029023,-0.006562,-0.010926,-0.014588,0.010944,90.566689,-45.096920,0.045568,0.000256,0.000809,-0.001159
6105,0.026099,0.023344,-0.004915,-0.000236,-0.003779,0.016489,90.579369,-45.100815,0.046025,0.000279,0.000815,-0.001149
6106,0.018354,0.022858,-0.002915,0.001247,-0.003655,0.014473,90.586761,-45.094620,0.046541,0.000060,0.000694,-0.001063
6108,0.018696,0.019407,0.000172,0.007110,0.009748,0.008095,90.585876,-45.093460,0.046917,-0.000255,0.000518,-0.000890
6109,0.019096,0.021397,0.001777,0.000973,0.010904,-0.003978,90.580536,-45.089897,0.046986,-0.000485,0.000350,-0.000658
6110,0.019704,0.020017,0.003485,0.006845,0.009071,0.003532,90.570534,-45.089096,0.046978,-0.000642,0.000228,-0.000408
6111,0.017834,0.020518,0.005112,0.006620,-0.005985,0.006368,90.556152,-45.085346,0.047143,-0.000784,0.000114,-0.000146
6112,0.015893,0.021233,0.007511,0.010831,-0.011693,0.023870,90.535233,-45.078331,0.047647,-0.000964,0.000049,0.000138
6113,0.020099,0.026111,0.002437,-0.002807,-0.003930,0.023088,90.528015,-45.070297,0.048430,-0.001055,0.000107,0.000306
6115,0.015920,0.021909,0.001545,-0.011571,0.005054,0.022331,90.522980,-45.062016,0.049187,-0.001118,0.000164,0.000319
6116,0.012782,0.023256,0.005746,-0.017095,0.009316,0.014219,90.506149,-45.047417,0.049796,-0.001303,0.000152,0.000392
6117,0.017339,0.024443,0.003622,-0.026866,0.017866,0.001946,90.494888,-45.037216,0.050066,-0.001411,0.000191,0.000486
6118,0.025576,0.026726,-0.000731,-0.031889,0.026136,-0.018781,90.495285,-45.034859,0.049785,-0.001237,0.000288,0.000431
6119,0.021193,0.023064,0.002723,-0.021988,0.023803,-0.007834,90.486366,-45.031460,0.049341,-0.001018,0.000335,0.000367
6120,0.024104,0.026394,-0.002467,-0.016839,0.014167,-0.006101,90.491867,-45.027622,0.049109,-0.000870,0.000363,0.000281
6122,0.027212,0.025766,-0.002143,-0.022191,0.019606,0.007382,90.496490,-45.028980,0.049131,-0.000631,0.000435,0.000118
6123,0.028971,0.020068,-0.000097,-0.021463,0.007157,0.023375,90.495560,-45.040703,0.049643,-0.000347,0.000365,0.000036
6124,0.033883,0.019899,0.004893,-0.020759,0.009874,0.024085,90.480942,-45.059582,0.050434,0.000008,0.000194,0.000109
6125,0.027302,0.021295,0.004293,-0.017127,-0.009637,0.020343,90.468033,-45.067795,0.051175,0.000251,0.000083,0.000251
6126,0.031299,0.019955,0.005160,-0.006234,-0.004893,0.013773,90.453018,-45.083549,0.051743,0.000389,-0.000002,0.000365
6127,0.031743,0.023798,0.001332,0.001350,-0.016540,0.008894,90.448761,-45.094696,0.052121,0.000581,-0.000020,0.000394
6129,0.030408,0.031145,0.001853,0.008685,-0.013046,-0.004681,90.443184,-45.094059,0.052191,0.000709,0.000184,0.000349
6130,0.022527,0.029469,-0.002952,0.009876,-0.014094,0.002852,90.450974,-45.084850,0.052161,0.000625,0.000452,0.000229
6131,0.027997,0.026275,-0.001664,0.006601,-0.003301,-0.006097,90.455246,-45.087372,0.052107,0.000508,0.000564,0.000065
6132,0.023716,0.025406,-0.004448,-0.005423,-0.007620,0.005910,90.466927,-45.085087,0.052104,0.000437,0.000568,-0.000092
6133,0.025886,0.028897,-0.003192,-0.000818,-0.001467,0.011620,90.474922,-45.080967,0.052396,0.000338,0.000619,-0.000244
6134,0.024363,0.025681,0.000767,0.003637,0.013340,0.008287,90.472275,-45.078876,0.052728,0.000271,0.000660,-0.000259
6136,0.025026,0.025032,0.001084,0.003518,0.012903,0.013919,90.468842,-45.078346,0.053098,0.000201,0.000612,-0.000186
6137,0.028311,0.025471,-0.001230,0.001926,0.005101,0.022318,90.471733,-45.081821,0.053702,0.000221,0.000567,-0.000167
6138,0.025108,0.027544,0.001354,0.001863,0.003458,0.012731,90.467461,-45.078255,0.054286,0.000238,0.000577,-0.000145
6139,0.020522,0.022500,-0.002316,-0.010005,0.006296,-0.008349,90.473175,-45.075268,0.054359,0.000097,0.000524,-0.000149
6140,0.019445,0.021182,-0.003511,-0.008201,0.001662,0.000780,90.482033,-45.072639,0.054233,-0.000124,0.000355,-0.000245
6141,0.014950,0.019314,-0.002671,-0.007932,-0.008724,-0.005149,90.488663,-45.066677,0.054160,-0.000403,0.000158,-0.000326
6143,0.015127,0.023129,-0.002150,-0.015052,0.001893,-0.007932,90.493637,-45.055729,0.053942,-0.000703,0.000042,-0.000361
6144,0.019957,0.023684,0.001269,-0.007179,0.003307,0.001183,90.489227,-45.050491,0.053829,-0.000835,0.000037,-0.000308
6145,0.026579,0.026464,0.004544,-0.002516,0.007627,0.011476,90.475983,-45.050453,0.054040,-0.000709,0.000097,-0.000135
6146,0.024827,0.029239,0.002740,-0.017192,0.007377,0.002244,90.467484,-45.044125,0.054269,-0.000511,0.000252,0.000030
6147,0.028238,0.032225,-0.000908,-0.012201,0.015990,-0.006685,90.468765,-45.038208,0.054195,-0.000322,0.000483,0.000051
6148,0.027857,0.031556,-0.000313,-0.004421,0.005135,-0.016797,90.468643,-45.032738,0.053804,-0.000113,0.000706,0.000009
6150,0.027585,0.030835,-0.002209,-0.007228,0.000539,-0.020674,90.473816,-45.028122,0.053179,0.000038,0.000848,-0.000050
6151,0.026464,0.028674,-0.001246,0.000388,-0.009810,-0.027376,90.476463,-45.025204,0.052378,0.000128,0.000897,-0.000114
6152,0.031573,0.026245,0.001679,0.009231,-0.008013,-0.022050,90.471420,-45.032784,0.051554,0.000276,0.000840,-0.000087
6153,0.030258,0.023445,0.001376,0.008928,-0.007750,-0.010996,90.467407,-45.042355,0.051004,0.000463,0.000688,-0.000014
6154,0.025247,0.022574,-0.003030,0.011587,-0.004544,-0.006208,90.475563,-45.046143,0.050717,0.000482,0.000494,-0.000049
6155,0.029057,0.027101,0.001084,0.017111,-0.002920,-0.000101,90.472450,-45.048897,0.050612,0.000471,0.000411,-0.000082
6157,0.026848,0.026009,0.000818,0.007695,0.000128,0.005806,90.470032,-45.050034,0.050707,0.000490,0.000410,-0.000032
6158,0.022737,0.024451,0.000333,0.001539,0.000124,0.005615,90.468719,-45.047630,0.050897,0.000379,0.000355,-0.000008
6159,0.026328,0.026636,0.000328,-0.010319,-0.017591,-0.003424,90.467079,-45.047440,0.050934,0.000280,0.000323,0.000002
6160,0.032360,0.028701,-0.001496,-0.004077,-0.022918,-0.006263,90.470306,-45.053040,0.050772,0.000388,0.000378,-0.000026
6161,0.029272,0.023872,-0.002650,-0.005419,-0.022167,-0.011962,90.476875,-45.061092,0.050469,0.000528,0.000365,-0.000106
6162,0.027176,0.021729,-0.002364,0.000662,-0.025867,-0.010094,90.482796,-45.069263,0.050101,0.000532,0.000216,-0.000184
6164,0.032338,0.028297,-0.004093,0.005068,-0.027971,-0.012714,90.493454,-45.075542,0.049721,0.000592,0.000185,-0.000273
6165,0.035445,0.025861,-0.001073,0.013757,-0.009343,0.005413,90.496101,-45.089165,0.049599,0.000796,0.000241,-0.000314
6166,0.028023,0.026670,0.003699,0.008879,-0.001658,0.014091,90.485695,-45.091125,0.049924,0.000866,0.000251,-0.000193
6167,0.026718,0.023233,0.006243,0.007112,-0.011935,0.006250,90.468277,-45.096085,0.050263,0.000745,0.000206,0.000045
6168,0.029873,0.025473,0.003905,0.008355,-0.013019,0.006045,90.457245,-45.102444,0.050468,0.000681,0.000146,0.000235
6169,0.020584,0.026415,0.000288,0.015460,-0.027351,0.008798,90.456268,-45.095009,0.050716,0.000508,0.000160,0.000265
6171,0.010573,0.026340,-0.001253,0.003146,-0.033834,-0.006249,90.459442,-45.074291,0.050758,-0.000006,0.000187,0.000186
6172,0.013293,0.025812,-0.002711,0.003043,-0.035677,-0.014899,90.466415,-45.058174,0.050406,-0.000549,0.000196,0.000065
6173,0.021810,0.028124,-0.007474,0.004419,-0.022700,-0.008507,90.486389,-45.050331,0.050015,-0.000750,0.000235,-0.000151
6174,0.019907,0.030390,-0.005257,-0.000153,-0.023432,-0.003801,90.500153,-45.036613,0.049810,-0.000773,0.000354,-0.000368
6175,0.027243,0.025741,-0.006301,0.001327,-0.010856,-0.011056,90.516838,-45.039116,0.049563,-0.000680,0.000398,-0.000512
6176,0.036829,0.027224,-0.001719,0.014567,-0.009024,-0.010693,90.521149,-45.052513,0.049200,-0.000273,0.000368,-0.000552
6177,0.041997,0.029619,0.003436,0.003758,-0.014632,-0.008867,90.511292,-45.069790,0.048874,0.000333,0.000418,-0.000390
6178,0.029360,0.027801,0.000313,0.002159,-0.020056,0.003231,90.509857,-45.072414,0.048780,0.000658,0.000466,-0.000221
6179,0.025036,0.023326,0.001526,0.002088,-0.019399,-0.004254,90.505165,-45.075348,0.048763,0.000577,0.000377,-0.000126
6180,0.024210,0.025294,0.004666,-0.014215,-0.017287,0.001789,90.491547,-45.074436,0.048722,0.000409,0.000257,0.000034
6181,0.017914,0.026288,0.000033,-0.022604,-0.007865,0.004682,90.490227,-45.063293,0.048830,0.000137,0.000219,0.000130
6182,0.015564,0.022155,-0.000110,-0.011532,-0.000227,0.010432,90.489441,-45.054325,0.049082,-0.000244,0.000127,0.000110
6183,0.019868,0.025071,0.001309,-0.015582,0.001256,-0.004669,90.484810,-45.047134,0.049178,-0.000502,0.000031,0.000119
6184,0.025529,0.026973,-0.002960,-0.016547,0.007119,0.001388,90.491768,-45.044922,0.049123,-0.000506,0.000050,0.000070
6185,0.021732,0.026034,-0.003123,-0.013052,0.003934,0.004294,90.499222,-45.038754,0.049218,-0.000469,0.000083,-0.000055
6186,0.023070,0.023673,-0.001401,-0.006721,0.003805,0.004153,90.502174,-45.037739,0.049359,-0.000485,0.000043,-0.000122
6187,0.023630,0.023526,-0.003561,-0.003549,-0.000748,-0.003363,90.511208,-45.037746,0.049372,-0.000458,-0.000036,-0.000182
6188,0.019682,0.022155,0.001183,-0.001957,0.003704,-0.003252,90.507332,-45.034286,0.049262,-0.000499,-0.000128,-0.000177
6189,0.018671,0.021402,0.005923,0.005487,-0.003797,-0.001670,90.490623,-45.030571,0.049180,-0.000625,-0.000240,0.000012
6190,0.019761,0.022852,0.007664,0.015638,0.008135,-0.004567,90.469414,-45.026310,0.049076,-0.000718,-0.000312,0.000287
6191,0.024301,0.022680,0.006302,0.021029,0.004916,-0.001465,90.452225,-45.028351,0.048975,-0.000676,-0.000341,0.000506
6192,0.020282,0.021840,0.004419,0.029195,0.007707,0.010390,90.440460,-45.026020,0.049124,-0.000629,-0.000381,0.000610
6193,0.020688,0.019144,0.001320,0.026762,0.013358,0.018905,90.437355,-45.027779,0.049612,-0.000658,-0.000479,0.000591
6194,0.031297,0.021464,-0.000920,0.018505,0.008492,0.016809,90.440186,-45.040844,0.050207,-0.000463,-0.000560,0.000468
6195,0.032490,0.023701,-0.005057,0.011995,-0.000642,0.020685,90.454071,-45.052643,0.050832,-0.000077,-0.000531,0.000245
6196,0.028933,0.024955,-0.001931,0.002746,-0.002096,0.020007,90.459068,-45.058052,0.051510,0.000178,-0.000436,0.000049
6197,0.034547,0.026748,0.001891,-0.015054,0.005352,0.017875,90.453094,-45.068611,0.052142,0.000416,-0.000300,0.000032
6198,0.036499,0.030202,0.000817,-0.016037,-0.002203,0.005482,90.449684,-45.077076,0.052531,0.000746,-0.000090,0.000072
6199,0.022543,0.023808,0.002363,-0.005179,0.006725,-0.007981,90.442329,-45.075203,0.052489,0.000765,0.000017,0.000112
6200,0.022518,0.021177,0.003735,-0.012389,-0.005303,-0.016574,90.431335,-45.076981,0.052080,0.000502,-0.000076,0.000200
6201,0.025797,0.024163,0.003769,-0.009031,-0.006605,-0.024886,90.420135,-45.079365,0.051389,0.000357,-0.000141,0.000294
6202,0.023169,0.029766,-0.004139,-0.022018,-0.019672,-0.040305,90.430367,-45.070621,0.050303,0.000255,-0.000023,0.000212
6203,0.028429,0.027298,-0.005460,-0.021296,-0.016075,-0.044887,90.444061,-45.072613,0.048883,0.000225,0.000130,-0.000033
6204,0.029988,0.033526,-0.008311,-0.025026,-0.008169,-0.030133,90.465347,-45.067966,0.047632,0.000333,0.000322,-0.000305
6205,0.035483,0.033527,-0.009091,-0.012398,0.003906,-0.021765,90.488884,-45.070492,0.046768,0.000552,0.000591,-0.000586
6206,0.035801,0.030917,-0.010322,-0.006088,0.003778,-0.016624,90.516151,-45.076797,0.046128,0.000833,0.000746,-0.000841
6207,0.035594,0.025956,-0.004107,0.010346,0.018413,-0.011651,90.526848,-45.089458,0.045656,0.001049,0.000714,-0.000937
6208,0.033286,0.026238,0.000144,0.005579,0.019286,0.003490,90.526062,-45.098351,0.045520,0.001162,0.000594,-0.000802
6209,0.036027,0.026428,0.003577,-0.004935,0.014226,-0.002528,90.515579,-45.110832,0.045536,0.001251,0.000506,-0.000542
6210,0.037485,0.029910,0.002457,-0.013629,0.015235,-0.009825,90.507782,-45.120556,0.045331,0.001394,0.000505,-0.000290
6211,0.034680,0.028250,0.002220,-0.019085,0.008832,-0.000648,90.500465,-45.128807,0.045156,0.001470,0.000537,-0.000119
6212,0.036425,0.031490,0.003111,-0.030267,-0.003265,0.006753,90.490356,-45.135300,0.045258,0.001500,0.000589,0.000028
6213,0.031870,0.036220,-0.003676,-0.023371,-0.009061,0.008007,90.498688,-45.129295,0.045504,0.001459,0.000782,0.000028
6214,0.030969,0.035517,-0.005788,-0.015225,-0.004337,0.015124,90.513062,-45.123020,0.045889,0.001311,0.001005,-0.000146
6215,0.025464,0.034082,0.000899,-0.011774,-0.004194,0.019056,90.509315,-45.111198,0.046459,0.001062,0.001131,-0.000192
6216,0.029174,0.034081,-0.001716,-0.015816,0.006274,0.011052,90.512733,-45.104259,0.046961,0.000827,0.001194,-0.000146
6217,0.022120,0.031255,-0.004878,-0.004966,0.010496,0.003310,90.525002,-45.091278,0.047200,0.000573,0.001181,-0.000223
6218,0.028716,0.026276,0.003015,-0.006280,0.026387,-0.008605,90.515869,-45.093925,0.047112,0.000363,0.001011,-0.000189
6219,0.029383,0.028777,0.002159,0.002782,0.025522,-0.008323,90.509171,-45.093784,0.046830,0.000338,0.000823,-0.000024
6220,0.022677,0.027452,-0.003111,0.004167,0.017306,-0.006575,90.517151,-45.086372,0.046581,0.000199,0.000695,-0.000015
6221,0.018862,0.027818,0.001500,0.004030,0.004932,-0.013739,90.512497,-45.073643,0.046243,-0.000116,0.000572,-0.000020
6222,0.022575,0.024899,0.004301,0.017181,-0.011465,-0.011812,90.500435,-45.070534,0.045817,-0.000363,0.000422,0.000120
6223,0.020715,0.028953,0.002520,0.012190,-0.036179,-0.002570,90.493324,-45.059990,0.045577,-0.000517,0.000325,0.000248
6224,0.018566,0.023176,0.005295,0.005887,-0.030566,-0.005437,90.478539,-45.054779,0.045444,-0.000712,0.000214,0.000366
6225,0.022332,0.024027,0.005103,0.007170,-0.026612,-0.009687,90.464203,-45.053406,0.045192,-0.000828,0.000030,0.000506
6226,0.012859,0.021532,0.002233,0.014314,-0.021312,-0.001989,90.457947,-45.042278,0.044997,-0.001024,-0.000146,0.000553
6227,0.019160,0.019162,0.003039,0.000562,0.000049,0.006931,90.449425,-45.042625,0.045080,-0.001232,-0.000377,0.000545
6228,0.017248,0.022360,-0.002056,0.002019,0.013331,0.011132,90.454628,-45.035332,0.045381,-0.001301,-0.000538,0.000452
6229,0.021865,0.023065,-0.005756,0.007857,0.006990,0.012243,90.470078,-45.033245,0.045770,-0.001294,-0.000585,0.000205
6230,0.025327,0.017025,-0.005245,0.006123,0.012665,0.017745,90.484337,-45.044205,0.046270,-0.001123,-0.000721,-0.000051
6231,0.034865,0.025149,-0.000467,0.008874,0.015201,0.014211,90.485283,-45.056976,0.046803,-0.000729,-0.000782,-0.000147
6232,0.031036,0.026015,-0.005640,0.001204,0.016179,0.019649,90.500320,-45.063187,0.047367,-0.000306,-0.000650,-0.000229
6233,0.028031,0.020495,-0.002275,0.010020,0.015649,0.016053,90.506264,-45.072887,0.047962,-0.000107,-0.000633,-0.000326
6234,0.019403,0.022682,0.000587,-0.002116,0.007756,0.009623,90.504227,-45.067936,0.048390,-0.000178,-0.000681,-0.000279
6235,0.020166,0.024877,0.001246,-0.003523,0.004550,0.015211,90.500107,-45.061214,0.048804,-0.000386,-0.000629,-0.000171
6236,0.015979,0.020411,-0.000952,-0.001931,0.005876,0.011761,90.502151,-45.054890,0.049253,-0.000612,-0.000628,-0.000116
6237,0.015639,0.023104,-0.000443,0.004036,-0.006123,-0.004859,90.502846,-45.044594,0.049368,-0.000873,-0.000658,-0.000106
6238,0.019432,0.021920,0.000003,0.005379,-0.002971,-0.010604,90.502472,-45.041290,0.049111,-0.001003,-0.000648,-0.000078
6239,0.027565,0.022813,-0.002496,0.005203,-0.010253,-0.011732,90.508949,-45.047943,0.048738,-0.000866,-0.000642,-0.000096
6240,0.028461,0.021941,-0.001608,0.012412,-0.015820,-0.018727,90.513115,-45.057243,0.048231,-0.000578,-0.000632,-0.000141
6241,0.030368,0.021789,-0.002303,0.009053,-0.024157,-0.010734,90.519257,-45.069565,0.047740,-0.000294,-0.000641,-0.000172
6242,0.024695,0.021514,0.000707,0.007280,-0.011558,-0.007430,90.517059,-45.074455,0.047437,-0.000145,-0.000652,-0.000149
6243,0.026575,0.024344,0.000447,0.001138,-0.009703,-0.002759,90.515350,-45.077782,0.047267,-0.000102,-0.000606,-0.000077
6244,0.023595,0.023599,0.002307,0.011432,0.012754,-0.005620,90.508636,-45.077667,0.047128,-0.000089,-0.000526,0.000011
6245,0.030127,0.028332,-0.000009,0.005154,0.012335,0.004896,90.508240,-45.079597,0.047115,-0.000009,-0.000383,0.000071
6246,0.033502,0.026410,0.000798,0.009413,0.010455,0.003259,90.505646,-45.088821,0.047251,0.000246,-0.000214,0.000087
6247,0.044277,0.032207,-0.001784,0.015008,0.008636,0.000201,90.510162,-45.104824,0.047309,0.000720,-0.000005,0.000065
6248,0.037208,0.033913,-0.003461,0.015992,-0.003454,-0.016041,90.519333,-45.109024,0.047045,0.001156,0.000303,-0.000036
6250,0.039818,0.031839,-0.001158,0.006612,-0.004817,-0.006660,90.522087,-45.119873,0.046667,0.001403,0.000535,-0.000102
6251,0.023789,0.028741,-0.001485,0.006395,-0.009086,-0.021200,90.525650,-45.113155,0.046202,0.001324,0.000612,-0.000114
6252,0.015491,0.033277,-0.003959,0.001758,-0.010264,-0.010174,90.535797,-45.088921,0.045679,0.000780,0.000695,-0.000178
6253,0.011324,0.029022,-0.000184,-0.002727,-0.021735,-0.002461,90.535553,-45.065094,0.045469,0.000109,0.000762,-0.000201
6254,0.013622,0.025584,0.001345,-0.015921,-0.019546,0.019758,90.530891,-45.049328,0.045757,-0.000452,0.000659,-0.000114
6255,0.012050,0.025188,-0.001804,-0.009496,-0.027761,0.023538,90.534775,-45.032021,0.046479,-0.000873,0.000499,-0.000077
6256,0.018689,0.021501,0.002761,-0.013612,-0.020947,0.030146,90.526268,-45.028980,0.047373,-0.001096,0.000292,-0.000021
6257,0.016557,0.019148,0.006611,-0.029401,-0.017309,0.015874,90.506920,-45.026115,0.048140,-0.001175,0.000012,0.000188
6258,0.018825,0.019731,0.001671,-0.016630,-0.007886,0.022734,90.501083,-45.025288,0.048784,-0.001227,-0.000242,0.000328
6259,0.021174,0.019061,0.002273,-0.004277,0.004180,0.021988,90.494034,-45.028248,0.049529,-0.001169,-0.000440,0.000350
6260,0.013980,0.018043,0.003748,-0.010041,0.006994,0.013888,90.483078,-45.022507,0.050127,-0.001211,-0.000624,0.000406
6261,0.021310,0.021720,0.000158,0.000620,0.003813,0.019336,90.481979,-45.021744,0.050681,-0.001234,-0.000712,0.000406
6262,0.028843,0.019890,-0.003508,0.007979,0.006640,0.030510,90.491295,-45.033775,0.051512,-0.000954,-0.000740,0.000262
6263,0.023661,0.020277,-0.001325,-0.015897,-0.000957,0.023606,90.494331,-45.038273,0.052414,-0.000684,-0.000785,0.000119
6264,0.023865,0.019303,0.000756,-0.006520,-0.011257,0.015452,90.491425,-45.044701,0.053065,-0.000566,-0.000827,0.000089
6265,0.033429,0.023453,0.001791,-0.007783,-0.010888,0.016422,90.485718,-45.058697,0.053596,-0.000280,-0.000792,0.000127
6266,0.032433,0.026778,0.000494,-0.013431,0.002752,0.005552,90.483398,-45.066502,0.053962,0.000112,-0.000615,0.000150
6267,0.031245,0.027297,0.001815,-0.010039,0.008565,0.000942,90.477394,-45.071651,0.054070,0.000374,-0.000397,0.000168
6268,0.033974,0.025904,0.002407,0.003573,0.009761,0.000911,90.470085,-45.082321,0.054101,0.000606,-0.000242,0.000218
6269,0.032554,0.029725,-0.000655,-0.003923,0.015344,0.003833,90.471191,-45.085648,0.054180,0.000808,-0.000073,0.000207
6270,0.033760,0.027714,-0.000334,0.005061,0.003034,0.005183,90.471512,-45.093491,0.054331,0.000957,0.000095,0.000144
6271,0.031892,0.027400,0.001789,-0.003961,-0.010349,0.009441,90.466003,-45.099651,0.054574,0.001054,0.000180,0.000142
6272,0.034507,0.028887,0.000259,-0.003831,-0.020340,0.020939,90.464523,-45.107708,0.055081,0.001137,0.000268,0.000151
6273,0.034508,0.035671,-0.001160,-0.003705,-0.015246,0.014349,90.466782,-45.106514,0.055669,0.001246,0.000497,0.000099
6274,0.035613,0.034005,-0.000185,0.009699,-0.030981,0.003547,90.466621,-45.109306,0.055967,0.001344,0.000771,0.000050
6275,0.024980,0.032520,-0.003229,0.004954,-0.029965,-0.000997,90.474991,-45.099808,0.056010,0.001226,0.000919,-0.000030
6276,0.019625,0.031394,-0.001995,0.015123,-0.017176,-0.003916,90.480072,-45.084328,0.055928,0.000815,0.000977,-0.000126
6277,0.019093,0.027746,0.000888,0.017579,-0.013661,-0.011167,90.477539,-45.072899,0.055676,0.000375,0.000923,-0.000121
6278,0.019442,0.021969,0.000114,0.015526,-0.014689,-0.004897,90.477272,-45.069839,0.055409,0.000026,0.000692,-0.000075
6279,0.021247,0.020148,-0.000893,0.007638,-0.000924,0.002643,90.479652,-45.071526,0.055371,-0.000205,0.000359,-0.000073
6280,0.027032,0.025851,0.001564,0.007388,0.002058,0.009936,90.475006,-45.073055,0.055581,-0.000235,0.000173,-0.000043
6281,0.025518,0.022201,0.001744,0.004194,-0.006865,0.003706,90.469902,-45.077621,0.055808,-0.000174,0.000066,0.000032
6282,0.028544,0.027119,-0.001073,-0.000372,-0.000736,-0.000843,90.472298,-45.079586,0.055856,-0.000096,0.000008,0.000039
6283,0.027563,0.026067,0.002419,0.002592,0.008143,0.000661,90.465103,-45.081436,0.055853,0.000005,0.000038,0.000058
6284,0.021775,0.024401,0.001166,-0.000444,0.010828,-0.015596,90.461395,-45.077446,0.055604,-0.000047,0.000007,0.000115
6285,0.027040,0.024094,-0.003873,0.005474,0.020804,-0.023940,90.471573,-45.080818,0.054945,-0.000099,-0.000054,0.000037
6286,0.029275,0.030183,-0.004489,0.006770,0.030453,-0.017252,90.483406,-45.078552,0.054258,0.000008,0.000010,-0.000135
6287,0.027564,0.024864,-0.002589,0.015404,0.029455,-0.022590,90.490303,-45.081131,0.053594,0.000102,0.000076,-0.000243
6288,0.029229,0.023472,-0.001113,0.014899,0.025537,-0.018897,90.493309,-45.087990,0.052903,0.000173,-0.000005,-0.000260
6289,0.026434,0.023481,0.000797,0.017362,0.026176,-0.000567,90.491096,-45.091080,0.052578,0.000206,-0.000094,-0.000205
6290,0.020992,0.018404,0.003849,0.010889,0.016463,0.003879,90.480553,-45.093880,0.052634,0.000069,-0.000262,-0.000065
6291,0.020727,0.015489,0.002838,0.007580,0.014447,0.015559,90.472694,-45.100502,0.052958,-0.000149,-0.000547,0.000085
6292,0.020377,0.019796,0.000787,0.007332,0.016925,0.013573,90.470322,-45.100693,0.053443,-0.000330,-0.000739,0.000142
6293,0.021634,0.019789,-0.001336,0.002664,0.007515,0.013128,90.473709,-45.102703,0.053888,-0.000451,-0.000800,0.000104
6294,0.027056,0.027532,-0.002087,-0.007755,-0.001587,0.012698,90.478729,-45.101795,0.054319,-0.000413,-0.000691,0.000017
6295,0.023908,0.026549,-0.001817,-0.011928,-0.000059,0.009330,90.482780,-45.098061,0.054686,-0.000336,-0.000471,-0.000060
6296,0.021387,0.025954,-0.003343,-0.008585,-0.007436,-0.011639,90.491013,-45.091778,0.054647,-0.000384,-0.000326,-0.000144
6297,0.020472,0.027251,-0.001273,-0.017159,-0.013096,-0.015685,90.493431,-45.082706,0.054192,-0.000487,-0.000198,-0.000198
6298,0.018364,0.028801,-0.003882,-0.003314,-0.006763,-0.019598,90.503052,-45.068592,0.053604,-0.000622,-0.000041,-0.000249
6299,0.021452,0.025657,-0.001044,-0.001729,0.000838,-0.014528,90.505219,-45.062836,0.053035,-0.000705,0.000050,-0.000283
6300,0.025226,0.027881,-0.001326,0.008659,0.000811,-0.009624,90.508293,-45.059078,0.052632,-0.000631,0.000103,-0.000258
6301,0.028755,0.028750,0.000209,0.003947,0.015543,-0.010784,90.507233,-45.058739,0.052292,-0.000427,0.000204,-0.000212
6302,0.022157,0.028350,-0.001051,0.009721,0.020937,-0.000099,90.509659,-45.049564,0.052111,-0.000325,0.000290,-0.000170
6303,0.021993,0.024128,0.002485,-0.000929,0.015823,-0.004524,90.502403,-45.045998,0.052034,-0.000376,0.000266,-0.000092
6304,0.024828,0.026283,0.003768,0.003530,0.013828,-0.013231,90.491486,-45.043495,0.051738,-0.000360,0.000205,0.000064
6305,0.020540,0.025835,0.002684,-0.008393,0.026658,-0.009845,90.483437,-45.035545,0.051353,-0.000374,0.000189,0.000189
6306,0.023008,0.022374,-0.000276,-0.008118,0.012501,0.005236,90.483398,-45.035725,0.051277,-0.000419,0.000100,0.000206
6307,0.027557,0.020647,-0.001252,-0.010804,0.015043,0.005065,90.486046,-45.044682,0.051448,-0.000314,-0.000072,0.000142
6308,0.024885,0.023503,-0.002693,-0.016353,0.014550,0.006375,90.492439,-45.046001,0.051639,-0.000193,-0.000183,0.000043
6309,0.020124,0.017899,-0.007188,-0.021720,0.018501,0.013545,90.511124,-45.048370,0.051971,-0.000243,-0.000322,-0.000149
6310,0.019545,0.021542,-0.005554,-0.016581,0.023798,0.013101,90.525192,-45.044807,0.052415,-0.000384,-0.000467,-0.000354
6311,0.016291,0.023669,-0.002123,-0.010133,0.024493,-0.002088,90.529976,-45.033813,0.052599,-0.000567,-0.000464,-0.000413
6312,0.019919,0.022835,0.001405,-0.006849,0.016311,-0.006447,90.525253,-45.029114,0.052456,-0.000698,-0.000434,-0.000321
6313,0.024534,0.022231,0.000905,-0.000721,0.027583,-0.003284,90.522087,-45.031517,0.052294,-0.000635,-0.000436,-0.000188
6314,0.026109,0.027782,0.003433,0.000778,0.023727,-0.001700,90.511986,-45.028374,0.052211,-0.000462,-0.000338,-0.000043
6315,0.025288,0.022392,-0.001017,-0.002199,-0.002141,-0.003120,90.514206,-45.031944,0.052131,-0.000309,-0.000256,0.000032
6316,0.025728,0.022666,-0.000658,-0.012459,0.005309,0.007313,90.515198,-45.036045,0.052201,-0.000195,-0.000291,0.000011
6317,0.028292,0.022243,-0.000229,-0.022382,0.013990,0.007073,90.514694,-45.043968,0.052440,-0.000046,-0.000319,0.000010
6318,0.026977,0.025409,-0.001335,-0.024600,0.010579,-0.000538,90.516945,-45.045635,0.052549,0.000094,-0.000285,-0.000004
6319,0.022262,0.019671,-0.004823,-0.017890,0.011708,-0.000520,90.528992,-45.048714,0.052532,0.000085,-0.000307,-0.000105
6320,0.028270,0.024190,0.002002,-0.011399,0.020180,0.000973,90.522400,-45.053741,0.052539,0.000103,-0.000346,-0.000118
6321,0.029617,0.026405,-0.001951,0.000782,0.015091,-0.009391,90.526917,-45.057457,0.052399,0.000260,-0.000243,-0.000071
6322,0.023487,0.027907,-0.002250,0.011087,0.007217,0.002724,90.532578,-45.050934,0.052288,0.000287,-0.000089,-0.000117
6323,0.022903,0.027711,0.000100,0.018103,-0.006303,-0.000317,90.532074,-45.044270,0.052328,0.000176,0.000058,-0.000112
6324,0.025012,0.030586,0.001730,0.017510,-0.014952,-0.007686,90.527153,-45.036957,0.052195,0.000117,0.000224,-0.000030
6325,0.027435,0.027922,0.000868,0.016936,-0.002655,-0.013337,90.524643,-45.036549,0.051844,0.000160,0.000356,0.000050
6326,0.027657,0.029776,0.003870,0.019332,0.001860,0.000383,90.513893,-45.033653,0.051628,0.000243,0.000440,0.000153
6327,0.029044,0.025656,0.001692,0.015747,0.000323,-0.008485,90.509216,-45.038235,0.051493,0.000338,0.000460,0.000248
6328,0.023996,0.024053,0.004273,0.010803,0.003265,0.002125,90.497345,-45.038101,0.051387,0.000338,0.000360,0.000329
6329,0.027168,0.025146,0.004244,0.004545,0.006109,-0.005324,90.485352,-45.040714,0.051334,0.000300,0.000270,0.000439
6330,0.024761,0.020830,0.002939,-0.002983,0.001481,-0.006626,90.476822,-45.045967,0.051135,0.000283,0.000136,0.000497
6331,0.019011,0.016696,0.002953,-0.004362,0.004385,-0.018216,90.468216,-45.049038,0.050721,0.000109,-0.000135,0.000513
6332,0.018632,0.022477,0.002355,0.000209,0.011620,-0.013191,90.461182,-45.043476,0.050197,-0.000147,-0.000312,0.000511
6333,0.019680,0.019986,-0.004128,-0.004226,0.021571,-0.017186,90.472000,-45.042416,0.049691,-0.000332,-0.000385,0.000369
6334,0.019621,0.019134,-0.002313,0.004768,0.031195,-0.006292,90.477921,-45.042141,0.049300,-0.000455,-0.000504,0.000164
6335,0.019990,0.025084,-0.003036,0.006088,0.030172,-0.001658,90.485855,-45.034058,0.049167,-0.000543,-0.000495,0.000025
6336,0.029151,0.026284,-0.003446,-0.002967,0.023279,0.004300,90.494743,-45.037010,0.049211,-0.000421,-0.000345,-0.000106
6337,0.031180,0.024158,-0.002621,-0.005821,0.023992,-0.001744,90.501221,-45.045761,0.049254,-0.000106,-0.000244,-0.000199
6338,0.032816,0.023516,-0.000655,0.001749,0.020254,-0.000211,90.502380,-45.057697,0.049221,0.000212,-0.000217,-0.000216
6339,0.033890,0.022070,-0.001965,-0.005688,0.009258,-0.010536,90.507179,-45.073296,0.049042,0.000511,-0.000236,-0.000215
6340,0.036389,0.023623,-0.000470,-0.004025,0.008955,-0.016094,90.507736,-45.090355,0.048598,0.000811,-0.000247,-0.000209
6341,0.028291,0.020768,-0.000334,0.007914,0.011613,-0.015566,90.508209,-45.100216,0.048071,0.000931,-0.000279,-0.000172
6342,0.022421,0.020258,0.003991,0.003227,-0.005003,-0.004725,90.496933,-45.103020,0.047732,0.000745,-0.000368,-0.000055
6343,0.027428,0.021877,0.003924,0.000169,-0.003363,-0.014901,90.485680,-45.110691,0.047405,0.000580,-0.000414,0.000120
6344,0.022411,0.022483,0.001553,0.007543,-0.001777,-0.012936,90.481018,-45.110577,0.046941,0.000446,-0.000403,0.000208
6345,0.016383,0.022529,-0.001562,0.011723,-0.013526,-0.008085,90.485115,-45.102280,0.046591,0.000124,-0.000380,0.000169
6346,0.021149,0.027032,-0.002550,0.002484,-0.020462,-0.004868,90.491722,-45.094631,0.046375,-0.000152,-0.000271,0.000057
6347,0.027046,0.026659,-0.007847,0.005354,-0.015363,-0.022419,90.512764,-45.095539,0.045920,-0.000159,-0.000103,-0.000154
6348,0.024650,0.029241,-0.008069,-0.000725,-0.022239,-0.011353,90.534248,-45.089642,0.045357,-0.000094,0.000071,-0.000424
6349,0.023081,0.033491,-0.002408,-0.003653,-0.022986,-0.003601,90.539909,-45.075989,0.045108,-0.000121,0.000340,-0.000526
6350,0.029788,0.028528,0.000789,-0.007961,-0.020756,-0.006435,90.536804,-45.078350,0.044941,-0.000041,0.000533,-0.000430
6351,0.029479,0.021278,0.003615,-0.004748,-0.020076,-0.003272,90.526108,-45.090218,0.044779,0.000146,0.000442,-0.000234
6353,0.026408,0.022234,0.003285,-0.000165,-0.010562,-0.006117,90.516441,-45.096386,0.044623,0.000225,0.000246,-0.000032
6354,0.029192,0.024475,0.005567,0.013124,-0.016119,-0.011820,90.500755,-45.103233,0.044324,0.000280,0.000154,0.000164
6355,0.032028,0.024233,-0.000629,0.008266,-0.017067,-0.012908,90.502266,-45.114315,0.043912,0.000431,0.000120,0.000239
6356,0.024279,0.025911,-0.002235,0.007995,-0.017983,-0.016913,90.508057,-45.112499,0.043415,0.000450,0.000121,0.000145
6357,0.019638,0.029814,-0.002040,0.012160,-0.015918,-0.022262,90.513260,-45.098957,0.042762,0.000220,0.000230,0.000042
6358,0.020749,0.027448,-0.000009,0.001430,-0.009492,-0.011201,90.512840,-45.090084,0.042204,-0.000029,0.000343,0.000006
6359,0.015347,0.023405,-0.000472,-0.013376,-0.013609,0.002450,90.513367,-45.079323,0.042058,-0.000307,0.000304,0.000008
6360,0.013873,0.020908,0.005837,-0.009985,-0.010211,-0.002058,90.496429,-45.070068,0.042065,-0.000656,0.000144,0.000123
6361,0.020787,0.019689,0.005772,-0.003754,-0.012828,0.002437,90.479874,-45.071957,0.042071,-0.000817,-0.000054,0.000334
6362,0.020766,0.021097,0.003796,-0.011011,-0.010931,0.006785,90.468719,-45.071873,0.042225,-0.000804,-0.000204,0.000457
6363,0.027347,0.023528,0.000297,-0.003270,-0.025332,-0.000817,90.467140,-45.077625,0.042324,-0.000660,-0.000245,0.000443
6364,0.031250,0.028208,-0.000525,0.008644,-0.005315,-0.008170,90.468048,-45.082188,0.042174,-0.000340,-0.000137,0.000344
6365,0.034512,0.032231,-0.001217,0.008361,-0.008092,-0.010854,90.470947,-45.085388,0.041857,0.000052,0.000118,0.000236
6366,0.033863,0.033406,0.001278,-0.000769,0.005456,-0.006071,90.466820,-45.085938,0.041575,0.000408,0.000417,0.000186
6367,0.038227,0.034862,0.002484,-0.006647,0.003801,-0.004396,90.459114,-45.090263,0.041401,0.000755,0.000699,0.000217
6368,0.034226,0.036782,0.004109,-0.003477,0.000725,0.000176,90.446884,-45.086586,0.041330,0.001028,0.000980,0.000296
6369,0.030546,0.032469,0.004083,0.004016,-0.011106,0.001646,90.435005,-45.084038,0.041361,0.001085,0.001147,0.000386
6370,0.031789,0.031287,-0.003676,-0.004971,-0.013694,0.004544,90.444420,-45.084976,0.041464,0.001074,0.001162,0.000302
6371,0.029427,0.030116,-0.002979,0.006999,-0.020624,-0.002984,90.451981,-45.084457,0.041490,0.001038,0.001121,0.000097
6372,0.026233,0.028363,-0.002324,0.014149,-0.028804,-0.005838,90.458092,-45.082230,0.041343,0.000894,0.001024,-0.000037
6373,0.026779,0.027034,-0.005095,0.009258,-0.017528,-0.001219,90.471863,-45.082481,0.041225,0.000725,0.000882,-0.000182
6374,0.029680,0.030362,-0.004745,-0.002853,-0.016953,0.000297,90.484283,-45.081951,0.041210,0.000656,0.000805,-0.000342
6375,0.026666,0.028644,0.000010,-0.005711,-0.003114,0.010618,90.483452,-45.079472,0.041392,0.000595,0.000771,-0.000364
6376,0.032742,0.033569,-0.002962,-0.004048,-0.001536,0.014698,90.490631,-45.078259,0.041814,0.000604,0.000803,-0.000345
6377,0.035551,0.032762,-0.007537,0.003464,0.007369,0.000933,90.510513,-45.081757,0.042074,0.000780,0.000902,-0.000474
6378,0.032148,0.033738,0.000522,0.010730,-0.003204,-0.005001,90.508492,-45.079391,0.042007,0.000901,0.000977,-0.000505
6379,0.033321,0.034984,-0.001668,0.008902,0.001329,-0.009265,90.512535,-45.076996,0.041769,0.000946,0.001073,-0.000411
6380,0.034498,0.032687,0.000553,0.015990,-0.001667,-0.017816,90.510628,-45.079361,0.041317,0.001021,0.001120,-0.000334
6381,0.031561,0.034273,0.003347,0.009562,-0.003088,-0.029040,90.501053,-45.075645,0.040536,0.001039,0.001136,-0.000175
6382,0.033978,0.034561,0.007146,-0.004034,-0.022173,-0.017756,90.480728,-45.075222,0.039757,0.001036,0.001178,0.000079
6383,0.034601,0.035544,-0.000441,-0.006854,-0.005211,-0.002415,90.480942,-45.074261,0.039420,0.001086,0.001227,0.000203
6384,0.035721,0.031193,0.001639,-0.005153,0.002339,-0.006764,90.475533,-45.080406,0.039267,0.001152,0.001193,0.000191
6385,0.034730,0.033176,-0.001230,-0.004984,-0.000689,-0.005066,90.477982,-45.082363,0.039070,0.001199,0.001112,0.000165
6386,0.033014,0.026692,-0.004526,-0.010725,0.008188,0.006907,90.489532,-45.090721,0.039101,0.001175,0.000954,0.000023
6387,0.031651,0.027864,-0.002046,-0.005945,0.021203,0.012584,90.494217,-45.095268,0.039426,0.001089,0.000722,-0.000103
6388,0.035036,0.030365,0.002513,-0.002798,0.010177,0.004792,90.486458,-45.101017,0.039715,0.001054,0.000607,-0.000064
6389,0.032388,0.030801,0.003262,-0.002707,0.006891,0.009063,90.476707,-45.102783,0.039946,0.001035,0.000572,0.000070
6390,0.030594,0.031543,0.003186,-0.001142,0.005190,0.004338,90.467186,-45.101170,0.040170,0.000927,0.000563,0.000188
6391,0.031360,0.033229,0.001945,0.006275,0.003544,-0.000232,90.461197,-45.098335,0.040238,0.000817,0.000600,0.000253
6392,0.027074,0.032479,0.003247,0.013449,0.012283,0.002728,90.451904,-45.090565,0.040280,0.000657,0.000644,0.000303
6393,0.028246,0.032322,0.001040,0.004152,0.008928,-0.001789,90.448639,-45.084511,0.040295,0.000467,0.000656,0.000322
6394,0.034521,0.033586,0.000357,0.015823,0.008635,0.002697,90.447273,-45.085361,0.040310,0.000462,0.000682,0.000279
6395,0.037990,0.030707,-0.000429,0.015304,0.014256,0.005560,90.448311,-45.094799,0.040448,0.000644,0.000667,0.000215
6396,0.038163,0.031697,0.003446,0.007423,-0.000970,0.011282,90.438560,-45.103302,0.040729,0.000854,0.000615,0.000224
6397,0.040639,0.031513,-0.000340,0.007180,0.000537,0.015340,90.439072,-45.115608,0.041172,0.001063,0.000585,0.000231
6398,0.025794,0.025921,0.002712,0.005469,0.000520,0.025168,90.431297,-45.115299,0.041848,0.000979,0.000446,0.000221
6399,0.017789,0.027466,-0.000487,-0.012421,0.001979,0.028771,90.431953,-45.101860,0.042747,0.000461,0.000256,0.000209
6400,0.020974,0.027707,0.000079,-0.007586,-0.011369,0.026351,90.430824,-45.092670,0.043665,-0.000039,0.000141,0.000147
6401,0.022541,0.027991,-0.001204,-0.007338,0.003762,0.032867,90.433304,-45.085205,0.044652,-0.000337,0.000061,0.000083
6402,0.021611,0.030338,-0.000299,-0.007097,-0.000789,0.027362,90.433258,-45.073090,0.045656,-0.000554,0.000049,0.000026
6403,0.031302,0.032370,-0.003061,-0.002437,0.011044,0.014657,90.440811,-45.071316,0.046356,-0.000549,0.000125,-0.000055
6404,0.024929,0.027782,-0.002543,0.009450,0.013634,0.012701,90.447311,-45.066879,0.046812,-0.000477,0.000133,-0.000162
6405,0.016597,0.023926,-0.003592,0.007664,0.020567,0.012284,90.456932,-45.056152,0.047229,-0.000704,-0.000026,-0.000254
6406,0.012137,0.026175,-0.005559,0.014792,0.011037,0.013358,90.471970,-45.036247,0.047656,-0.001126,-0.000181,-0.000383
6407,0.014567,0.022420,-0.006041,0.011356,0.007723,0.012920,90.488472,-45.025055,0.048094,-0.001488,-0.000329,-0.000529
6408,0.018121,0.025854,-0.003260,0.010984,-0.001385,0.022827,90.497177,-45.014282,0.048690,-0.001643,-0.000450,-0.000595
6409,0.029442,0.026861,-0.000521,0.004720,-0.007243,0.016175,90.498230,-45.017937,0.049340,-0.001464,-0.000454,-0.000535
6410,0.035271,0.031670,0.000747,0.003089,-0.007006,0.017121,90.495560,-45.023083,0.049895,-0.000981,-0.000341,-0.000406
6411,0.037642,0.027454,0.001389,0.002988,-0.003824,0.007704,90.491203,-45.037193,0.050309,-0.000439,-0.000240,-0.000266
6412,0.042125,0.029273,-0.001920,0.007318,-0.003699,0.007452,90.495956,-45.054813,0.050561,0.000121,-0.000206,-0.000207
6413,0.037656,0.027226,-0.003342,0.002650,-0.005054,0.002780,90.504639,-45.069111,0.050732,0.000556,-0.000182,-0.000252
6414,0.036912,0.026667,-0.003534,0.004039,-0.010791,0.001213,90.513809,-45.083252,0.050798,0.000791,-0.000214,-0.000317
6415,0.038455,0.030846,-0.005181,0.021618,-0.016341,0.002649,90.527695,-45.093914,0.050863,0.000984,-0.000166,-0.000402
6416,0.036556,0.037164,-0.001282,0.019433,-0.015805,0.008466,90.530960,-45.093433,0.051048,0.001122,0.000077,-0.000421
6417,0.030087,0.036972,0.001725,0.012892,-0.016763,0.000809,90.525841,-45.084431,0.051202,0.001059,0.000385,-0.000299
6418,0.033289,0.035882,0.000894,0.009518,-0.005882,0.006686,90.522865,-45.081135,0.051327,0.000939,0.000597,-0.000160
6419,0.025142,0.036631,0.002781,0.009206,-0.002738,0.022701,90.514633,-45.065468,0.051817,0.000744,0.000753,-0.000029
6420,0.022610,0.030635,0.005174,-0.011758,-0.010028,0.033764,90.499657,-45.054665,0.052758,0.000378,0.000767,0.000156
6421,0.022249,0.027279,0.001646,-0.021704,-0.021506,0.031182,90.493942,-45.048252,0.053841,0.000035,0.000591,0.000277
6422,0.022952,0.026849,0.002842,-0.016565,-0.016373,0.030159,90.484879,-45.043510,0.054863,-0.000227,0.000376,0.000325
6423,0.015986,0.021610,0.004476,-0.011594,-0.027644,0.021791,90.471619,-45.036537,0.055729,-0.000551,0.000095,0.000415
6424,0.017909,0.021153,0.000929,-0.011214,-0.026738,0.012221,90.468201,-45.032970,0.056296,-0.000899,-0.000235,0.000445
6425,0.019028,0.025634,-0.001005,-0.016750,-0.021433,0.001489,90.469910,-45.024666,0.056524,-0.001105,-0.000412,0.000359
6426,0.018644,0.021751,0.002559,-0.010298,-0.010399,0.001441,90.461952,-45.020939,0.056573,-0.001244,-0.000536,0.000321
6427,0.021384,0.022991,0.001004,-0.012912,-0.015962,0.011725,90.458313,-45.019165,0.056793,-0.001299,-0.000681,0.000329
6428,0.030713,0.029986,-0.001434,-0.005109,-0.018390,0.024623,90.461288,-45.020683,0.057398,-0.001098,-0.000629,0.000255
6429,0.032860,0.033076,0.000971,-0.003466,-0.013360,0.028244,90.457756,-45.020897,0.058279,-0.000711,-0.000388,0.000195
6430,0.030486,0.027484,0.002207,0.004028,-0.001114,0.025842,90.451111,-45.025242,0.059181,-0.000409,-0.000247,0.000218
6431,0.033661,0.028978,-0.000122,0.008323,0.010729,0.017615,90.451019,-45.031456,0.059905,-0.000155,-0.000215,0.000214
6432,0.033514,0.026033,0.002817,0.003623,0.014805,0.008182,90.442917,-45.041260,0.060335,0.000102,-0.000216,0.000221
6433,0.029109,0.020865,0.005422,-0.000924,0.018747,-0.005369,90.427628,-45.052002,0.060382,0.000214,-0.000375,0.000333
6434,0.033846,0.021946,0.000938,-0.002369,0.021084,-0.014048,90.424545,-45.067581,0.060058,0.000306,-0.000575,0.000381
6435,0.030131,0.025056,0.000356,0.003612,0.014490,-0.001781,90.423080,-45.073856,0.059795,0.000396,-0.000646,0.000318
6436,0.028837,0.024064,-0.001735,0.003493,0.011063,0.007133,90.427475,-45.079861,0.059884,0.000366,-0.000656,0.000214
6437,0.018478,0.022695,-0.007821,0.001903,0.003321,0.006899,90.448578,-45.073669,0.060118,0.000113,-0.000706,-0.000027
6438,0.016769,0.026466,-0.007964,0.004792,0.019447,0.003721,90.469971,-45.059822,0.060295,-0.000320,-0.000693,-0.000336
6439,0.014109,0.021569,-0.002603,0.001684,0.012906,0.006551,90.476730,-45.048965,0.060466,-0.000741,-0.000701,-0.000474
6440,0.020863,0.021070,-0.002187,-0.004275,0.022814,0.000433,90.482208,-45.048016,0.060582,-0.000985,-0.000808,-0.000465
6441,0.023009,0.022966,-0.000473,-0.008563,0.014687,-0.005485,90.482765,-45.047390,0.060498,-0.000995,-0.000859,-0.000414
6442,0.028667,0.022878,0.000283,-0.014186,0.018633,-0.002353,90.481079,-45.054714,0.060367,-0.000844,-0.000858,-0.000324
6443,0.034150,0.022446,-0.001335,-0.025528,0.004739,0.009531,90.483566,-45.070267,0.060487,-0.000505,-0.000861,-0.000268
6444,0.031777,0.023753,-0.001497,-0.024691,-0.008700,0.006267,90.486282,-45.081211,0.060750,-0.000176,-0.000842,-0.000257
6445,0.031236,0.026302,-0.001092,-0.017978,-0.020222,-0.001318,90.487961,-45.088326,0.060833,0.000025,-0.000746,-0.000242
6446,0.026022,0.025969,-0.005805,-0.020340,-0.013655,-0.005703,90.502655,-45.088776,0.060716,0.000069,-0.000624,-0.000313
6447,0.026241,0.031922,-0.002382,-0.004914,-0.010256,-0.018799,90.508003,-45.081238,0.060307,0.000006,-0.000415,-0.000392
6448,0.019346,0.033765,-0.000271,-0.001802,-0.006968,-0.028514,90.507812,-45.061665,0.059519,-0.000174,-0.000097,-0.000343
6449,0.020517,0.034393,-0.003193,0.005637,0.002116,-0.027579,90.515785,-45.042618,0.058584,-0.000424,0.000199,-0.000318
6450,0.019174,0.031180,-0.000966,0.006928,-0.003857,-0.019296,90.517868,-45.026131,0.057803,-0.000620,0.000379,-0.000310
6451,0.023053,0.027902,0.003980,0.011129,-0.017013,-0.006856,90.506569,-45.019848,0.057367,-0.000720,0.000390,-0.000163
6452,0.027625,0.026724,0.001964,0.001909,-0.016456,0.000748,90.500755,-45.021637,0.057265,-0.000628,0.000309,0.000011
6453,0.029909,0.021617,0.000977,0.010701,-0.018868,-0.003704,90.497772,-45.033577,0.057216,-0.000419,0.000121,0.000087
6454,0.027856,0.019590,0.002196,0.001495,-0.013822,-0.000631,90.491478,-45.045441,0.057144,-0.000248,-0.000165,0.000151
6456,0.029384,0.023728,0.002264,-0.004457,-0.008941,-0.010941,90.484657,-45.053539,0.056951,-0.000124,-0.000345,0.000225
6457,0.029398,0.031389,-0.001467,-0.001360,-0.005696,-0.017962,90.487854,-45.050964,0.056469,0.000003,-0.000254,0.000209
6458,0.026364,0.029827,-0.001130,0.009016,-0.008461,-0.015897,90.490387,-45.046371,0.055905,0.000044,-0.000062,0.000130
6459,0.025469,0.031879,-0.001386,0.001341,-0.011136,0.000859,90.493607,-45.037849,0.055654,-0.000001,0.000097,0.000069
6460,0.022644,0.031066,-0.000281,0.001297,-0.006343,0.000831,90.493690,-45.026550,0.055682,-0.000109,0.000245,0.000037
6461,0.023924,0.025399,-0.001816,0.001255,0.011576,0.006707,90.498116,-45.024387,0.055808,-0.000223,0.000232,0.000004
