t_us,ax,ay,az,roll,pitch,yaw
27572840,0.03669458627700806,-9.853316307067871,-1.0462366342544556,-0.931851863861084,-1.4336074590682983,-0.7392488718032837
27605763,-0.056222885847091675,-9.60224723815918,-0.8955304622650146,1.601184368133545,-1.4717556238174438,-0.09836030006408691
27638771,0.05759793519973755,-9.818214416503906,-0.8780348300933838,-1.542222023010254,-0.8995335102081299,-0.4264342784881592
27671780,0.02779299020767212,-10.030261039733887,-1.0748134851455688,2.5548877716064453,-1.4259778261184692,0.008454561233520508
27704789,-0.028640449047088623,-9.522375106811523,-0.7397632598876953,9.391033172607422,-2.143162727355957,0.5654172897338867
27737798,0.025085896253585815,-9.651030540466309,-0.6676080226898193,4.508072376251221,-2.295755386352539,-0.09836030006408691
27770854,0.10134544968605042,-9.677680015563965,-0.7142647504806519,-0.15362977981567383,-1.8150888681411743,-0.33487868309020996
27803858,-0.15390115976333618,-9.758339881896973,-0.8858140707015991,-1.8321480751037598,-2.7001256942749023,-0.15176761150360107
27836829,-0.1051306426525116,-9.773162841796875,-0.9684635400772095,1.2731103897094727,-3.2494587898254395,-0.2356935739517212
27869839,0.008404582738876343,-9.722023010253906,-0.6460862159729004,4.508072376251221,-3.2570884227752686,-0.8842118978500366
27902843,0.04398331046104431,-9.706767082214355,-0.4748678505420685,1.8987398147583008,-2.768792152404785,-1.0368045568466187
27935852,-0.05309203267097473,-9.860187530517578,-0.4182400405406952,-1.2217779159545898,-4.577013969421387,-1.6929525136947632
27968911,0.07321494817733765,-9.775303840637207,-0.7100863456726074,-1.4964442253112793,-4.21079158782959,-1.6166561841964722
28001903,0.13919082283973694,-9.716217994689941,-0.8958749771118164,-0.4588150978088379,-2.9290144443511963,-0.9223600625991821
28034883,0.054353147745132446,-9.382926940917969,-0.8292824029922485,-2.991851329803467,-4.21079158782959,-0.8155452013015747
28067888,0.31671342253685,-9.576756477355957,-1.3021304607391357,-9.881404876708984,-2.7840514183044434,-0.9833971261978149
28100897,0.06016382575035095,-9.031950950622559,-1.221267580986023,-8.302072525024414,-2.585681200027466,0.5425283908843994
28133906,-0.056034743785858154,-8.806464195251465,-1.2313599586486816,-17.694143295288086,-1.410718560218811,-0.2891010046005249
28166965,-0.22482658922672272,-7.967777252197266,-1.5943247079849243,-21.898067474365234,-5.4849395751953125,-2.875544548034668
28199955,0.05140596628189087,-7.977378845214844,-0.6994146108627319,-29.611621856689453,-6.446272850036621,-6.270729064941406
28232937,0.6442573070526123,-8.329397201538086,-0.44249334931373596,-35.875545501708984,-2.7153849601745605,-3.8597664833068848
28265947,-0.4900965988636017,-11.597981452941895,-1.2210941314697266,-38.60695266723633,-1.6853851079940796,-1.2504340410232544
28298951,-0.32093462347984314,-13.300125122070312,-0.8490830659866333,-3.1825919151306152,-8.681753158569336,-2.3872485160827637
28331960,0.29464593529701233,-14.81270694732666,-2.16751766204834,-2.3357033729553223,-11.825160026550293,-5.164433002471924
28365019,0.35591426491737366,-13.985410690307617,-2.480973720550537,-4.517776966094971,-14.739677429199219,-2.646656036376953
28398009,0.5647773742675781,-9.743300437927246,-3.5504441261291504,-38.82058334350586,-15.456862449645996,4.220008850097656
28430991,-0.07154470682144165,-7.837314605712891,-3.870058059692383,-91.28189849853516,-8.452864646911621,6.3944525718688965
28463996,-0.4451792240142822,-6.252382755279541,-3.0051965713500977,-99.06411743164062,-0.5409409999847412,6.081637859344482
28497005,-0.40488019585609436,-5.829613208770752,-1.8367663621902466,-85.51390075683594,4.5251312255859375,1.892972469329834
28530014,-0.057829976081848145,-5.496316909790039,-1.1029016971588135,-59.45109176635742,3.3501689434051514,3.2205276489257812
28563073,0.7099648714065552,-5.966179847717285,-2.410653829574585,-29.71080780029297,4.784538269042969,4.647267818450928
28596095,-0.0737188458442688,-7.062486171722412,-3.4637534618377686,13.243995666503906,4.631946563720703,4.143712520599365
28629045,-0.9398922920227051,-8.510886192321777,-3.847066640853882,48.813316345214844,0.18387365341186523,7.3252668380737305
28662055,-1.452954649925232,-11.492632865905762,-3.015026330947876,70.71797943115234,-7.819605827331543,11.719932556152344
28695059,-0.10334435105323792,-16.237354278564453,-3.5540521144866943,66.67427825927734,3.2891318798065186,-15.105836868286133
28728068,-0.4429841935634613,-10.134907722473145,-5.111269474029541,35.52250671386719,21.21112632751465,-5.706136703491211
28761079,0.35753193497657776,-10.690661430358887,-0.737119197845459,-8.401256561279297,24.621570587158203,-4.218358993530273
28794165,2.2152130603790283,-9.897256851196289,-2.9516799449920654,17.7759952545166,21.600236892700195,-3.2112483978271484
28827099,0.18377891182899475,-7.574678421020508,-2.1502370834350586,23.467695236206055,22.553939819335938,-12.778800964355469
28860104,0.1881873905658722,-8.228866577148438,-2.2124946117401123,3.3483691215515137,26.094087600708008,-7.872951030731201
28893114,0.9950700998306274,-9.843401908874512,-2.628403663635254,-3.853999614715576,8.172093391418457,-6.263099193572998
28926122,1.8153654336929321,-10.0058012008667,-2.1256508827209473,-2.556962490081787,-2.0973849296569824,-6.820062160491943
28992184,0.6734822988510132,-8.66318130493164,-1.8118683099746704,-6.310739040374756,4.105502128601074,9.31659984588623
29025185,0.14776182174682617,-8.720113754272461,-2.3103926181793213,-9.240516662597656,3.250983953475952,16.831783294677734
29058162,-0.5262855887413025,-10.198224067687988,-4.347111701965332,-12.109256744384766,-5.973236083984375,23.1720027923584
29091178,-0.7251699566841125,-10.271101951599121,-5.4202470779418945,-3.5030360221862793,-12.160863876342773,23.301706314086914
29124176,-1.6726621389389038,-8.802212715148926,-2.705763101577759,2.4022951126098633,-20.71367645263672,24.339336395263672
29157185,-0.34547513723373413,-9.08468246459961,-1.4369001388549805,7.5751824378967285,-38.284706115722656,17.571857452392578
29190276,-0.16735197603702545,-10.023260116577148,-1.504400610923767,18.16510581970215,-32.56248474121094,10.819637298583984
29223209,-0.6856681704521179,-10.370450973510742,-1.4263527393341064,3.1805171966552734,-6.385235786437988,8.98089599609375
29256212,-0.723448634147644,-9.908506393432617,-2.846539258956909,1.1891844272613525,8.965574264526367,7.203193187713623
29289221,-1.5955919027328491,-8.905510902404785,-1.983949065208435,27.11465835571289,5.570389747619629,2.747490882873535
29322230,-2.137619972229004,-9.143830299377441,-1.9142813682556152,29.464582443237305,3.0678727626800537,-1.753989338874817
29355239,-1.3983023166656494,-10.68887996673584,-1.7307443618774414,24.87917709350586,15.382091522216797,-0.8842118978500366
29388330,-1.0580394268035889,-9.825757026672363,-2.3484489917755127,32.089176177978516,28.474531173706055,1.6488244533538818
29421270,-0.854332447052002,-10.116270065307617,-1.9169282913208008,23.933103561401367,28.512680053710938,0.008454561233520508
29454266,0.2653992474079132,-9.69464111328125,-2.1795122623443604,11.039033889770508,24.75890350341797,6.6309709548950195
29487275,-0.20729677379131317,-8.743426322937012,-1.8970129489898682,0.6856288909912109,30.19882583618164,15.206672668457031
29520284,0.03836342692375183,-8.831743240356445,-1.7853062152862549,8.795923233032227,43.49726867675781,12.97119140625
29553293,-0.04614657163619995,-10.456354141235352,-2.2350656986236572,16.66969871520996,49.90615463256836,13.0551176071167
29586382,-0.587520956993103,-9.416341781616211,-1.566533088684082,29.59428596496582,43.825340270996094,14.359784126281738
29619334,-0.7499192953109741,-10.50728702545166,-1.2150195837020874,17.188512802124023,32.319862365722656,11.658895492553711
29652324,-0.8786396980285645,-10.6995210647583,-0.9276785850524902,26.595842361450195,28.909420013427734,9.545489311218262
29685335,-1.3530782461166382,-11.14433765411377,-1.4918766021728516,19.73680877685547,20.982236862182617,6.783563613891602
29718338,-0.6972042322158813,-10.548089981079102,-1.5271539688110352,11.21451473236084,15.90090560913086,6.569933891296387
29751349,-0.2685685455799103,-10.22642993927002,-1.226271390914917,1.2425918579101562,17.2055721282959,6.913267135620117
29784440,-0.48424363136291504,-10.394317626953125,-1.6178085803985596,0.3880734443664551,10.102389335632324,4.3191938400268555
29817371,-0.7486766576766968,-9.62907886505127,-0.9279429912567139,5.278664588928223,7.569352149963379,2.739861011505127
29850374,-0.9365795850753784,-9.475862503051758,-0.9176125526428223,-4.9602952003479,8.637500762939453,2.4117870330810547
29883383,-0.9638946056365967,-8.548456192016602,-1.4507055282592773,-12.88747787475586,7.630389213562012,-0.0220639705657959
29916393,-0.6462076306343079,-9.3591890335083,-1.4649211168289185,-18.785181045532227,5.44831657409668,-6.949765682220459
29949451,-0.23841077089309692,-7.901066780090332,-0.8294047117233276,-8.378368377685547,8.843500137329102,-7.216803073883057
29982458,0.41846606135368347,-8.693283081054688,-1.6862295866012573,-16.22925567626953,-0.8461260795593262,-9.49043083190918
30015442,0.9589884281158447,-9.382818222045898,-1.9328982830047607,4.584368705749512,-9.208197593688965,-12.816948890686035
30048433,0.6461323499679565,-9.633516311645508,-1.3888344764709473,17.463180541992188,-0.754570722579956,-13.717245101928711
30081443,-0.3562087416648865,-9.384066581726074,-0.8986740112304688,12.44288444519043,6.310463905334473,-12.275245666503906
30114447,-0.42861083149909973,-9.360017776489258,-1.1887481212615967,0.838221549987793,-0.4341263771057129,-14.571763038635254
30147456,-0.43610405921936035,-9.196688652038574,-1.1537971496582031,-6.509109973907471,-10.619678497314453,-14.319985389709473
30180522,0.31347963213920593,-9.82570743560791,-1.6408733129501343,-7.218664646148682,-18.72997283935547,-13.839319229125977
30213496,0.6576389074325562,-9.806142807006836,-1.194654941558838,-8.622516632080078,-26.367229461669922,-12.626208305358887
30246487,0.5418070554733276,-8.964756965637207,-0.9515360593795776,-10.987701416015625,-31.85293197631836,-12.931392669677734
30279523,0.4618699252605438,-10.023405075073242,-2.091913938522339,-14.115848541259766,-36.842708587646484,-9.864282608032227
30312501,0.17506936192512512,-9.420919418334961,-1.5743582248687744,-12.635700225830078,-39.16974639892578,-8.651172637939453
30345510,-0.11969481408596039,-9.556992530822754,-1.7022544145584106,-24.537919998168945,-46.52470397949219,-13.14502239227295
30378600,-0.25648120045661926,-10.35195255279541,-1.4824923276901245,-27.73473358154297,-52.04855728149414,-18.60783576965332
30411534,-0.7519342303276062,-9.793333053588867,-2.5358824729919434,-22.516067504882812,-55.764183044433594,-20.675464630126953
30444537,0.3424122631549835,-8.947176933288574,-2.5340006351470947,-21.31821632385254,-49.919891357421875,-17.783836364746094
30477546,0.33071908354759216,-8.814661026000977,-2.525557279586792,-20.24243927001953,-48.020111083984375,-15.388134002685547
30510555,0.41185131669044495,-8.85228157043457,-2.543740749359131,-15.733329772949219,-43.41944885253906,-10.230504989624023
30543564,0.28813400864601135,-9.445747375488281,-2.4964802265167236,-27.94073486328125,-34.248634338378906,-8.391764640808105
30576646,0.4690283238887787,-9.334264755249023,-2.4625871181488037,-24.812585830688477,-28.213600158691406,-6.186802864074707
30609605,0.5562814474105835,-9.55428695678711,-2.699082374572754,-25.255104064941406,-19.82101058959961,-4.393840789794922
30642595,-0.6830107569694519,-9.913996696472168,-2.43011474609375,-20.570512771606445,-8.796197891235352,-3.577470302581787
30675605,-0.9340884685516357,-8.873941421508789,-2.721630573272705,-8.836145401000977,-8.285013198852539,-0.37302684783935547
30708609,-0.8800442218780518,-8.61239242553711,-2.1003921031951904,-15.13058853149414,-1.792199969291687,3.6325273513793945
30741618,-0.7732498645782471,-9.393576622009277,-2.9580860137939453,-13.658071517944336,7.264167785644531,9.766748428344727
30774687,-0.7372545599937439,-9.642151832580566,-3.6821892261505127,5.087924003601074,17.45734977722168,14.9625244140625
30807661,-0.6779435873031616,-9.385120391845703,-2.6523046493530273,-3.7395548820495605,23.522903442382812,19.85311508178711
30840649,-1.2719390392303467,-9.75563907623291,-4.097095966339111,-9.835626602172852,25.155643463134766,25.323558807373047
30873654,-0.8838993310928345,-8.54261589050293,-3.454483985900879,-6.379405498504639,24.888607025146484,19.082523345947266
30906663,-0.2935614585876465,-8.587974548339844,-2.8248000144958496,-20.67732810974121,18.74675750732422,13.528154373168945
30939672,0.07627350091934204,-7.803549289703369,-3.03902268409729,-24.080141067504883,16.36631202697754,9.0724515914917
30972757,0.08448120951652527,-9.085582733154297,-3.7227325439453125,-28.0399169921875,14.802238464355469,3.029787063598633
31005711,0.5795286893844604,-8.791217803955078,-3.537944793701172,-22.325326919555664,18.60942268371582,1.0613430738449097
31038703,-0.09857669472694397,-9.166394233703613,-3.881068468093872,-24.759178161621094,18.74675750732422,0.9468986988067627
31071714,0.14377936720848083,-9.314504623413086,-4.382758140563965,-12.139774322509766,10.537277221679688,-4.500655174255371
31104717,0.44904860854148865,-9.75808048248291,-3.226823091506958,4.202887058258057,9.331796646118164,-9.269171714782715
31137726,0.3515859544277191,-10.022674560546875,-3.868844509124756,19.8131046295166,2.793205976486206,-13.12976360321045
31170797,0.010898888111114502,-9.001253128051758,-3.3766226768493652,14.624958038330078,-3.890347480773926,-16.563095092773438
31203767,0.3711942136287689,-9.035942077636719,-4.324618816375732,-3.1291842460632324,-11.703085899353027,-16.76146697998047
31236776,0.8835935592651367,-8.884108543395996,-4.357481956481934,1.0823698043823242,-15.662862777709961,-17.974576950073242
31269784,0.09909173846244812,-7.779099464416504,-3.0689423084259033,-15.832513809204102,-12.725456237792969,-21.346872329711914
31302772,0.14114198088645935,-7.464583873748779,-4.866799831390381,-16.931180953979492,-15.624714851379395,-15.166873931884766
31335781,0.02386009693145752,-8.043924331665039,-4.616617679595947,-9.759330749511719,-11.107975006103516,-6.911617755889893
31368859,0.45355841517448425,-9.320590019226074,-4.162117958068848,-8.141849517822266,-6.003754138946533,-0.8918415307998657
31401820,1.0362107753753662,-9.198362350463867,-4.601451396942139,-2.625629425048828,-0.5562002658843994,6.02060079574585
31434812,-0.21329063177108765,-9.293803215026855,-4.946188449859619,2.524369239807129,5.928982734680176,12.772821426391602
31467822,-0.3945474922657013,-8.739526748657227,-3.6849629878997803,8.521256446838379,7.416760444641113,14.474227905273438
31500832,-0.21152104437351227,-8.88590145111084,-3.4578418731689453,14.174810409545898,4.23520565032959,13.261117935180664
31533835,-0.6231844425201416,-9.220032691955566,-3.427743434906006,17.638660430908203,5.082094192504883,14.504746437072754
31566933,-0.8172720670700073,-9.360455513000488,-3.215472459793091,21.84258460998535,5.784019470214844,13.84859848022461
31599919,-0.10478344559669495,-8.825925827026367,-3.290698766708374,21.064363479614258,3.334909677505493,10.415266990661621
31632866,-0.19208990037441254,-9.099188804626465,-3.6254231929779053,11.298440933227539,3.9986870288848877,7.874600410461426
31665871,-0.006163150072097778,-8.933032989501953,-3.2919728755950928,5.873775482177734,-0.25101518630981445,8.210304260253906
31698880,-0.8584833145141602,-9.723956108093262,-3.230083703994751,-4.5940728187561035,-0.8766446113586426,6.165563583374023
31731889,-0.16322316229343414,-9.090367317199707,-2.372637987136841,4.012146472930908,-2.7153849601745605,3.731712818145752
31764967,0.5687252283096313,-8.894338607788086,-3.4476287364959717,-7.035553455352783,-4.134495735168457,1.770898461341858
31797924,0.3853202760219574,-9.314908981323242,-3.658917188644409,-14.123477935791016,0.8400213718414307,2.8008980751037598
31830920,0.8280719518661499,-8.565247535705566,-3.496587038040161,-0.6342964172363281,8.721426010131836,2.5491204261779785
31863931,1.0454952716827393,-9.171219825744629,-3.6580958366394043,-8.523330688476562,3.1212799549102783,-6.835320949554443
31896934,0.6917318105697632,-9.910494804382324,-3.8915741443634033,-9.408367156982422,4.158909797668457,-10.756949424743652
31929992,0.13110479712486267,-9.631927490234375,-2.637650966644287,4.370738983154297,7.958463668823242,-9.040283203125
31963020,0.5198901891708374,-8.703688621520996,-3.517317533493042,5.347331523895264,1.2062437534332275,-6.957395076751709
31995978,0.013019979000091553,-7.915120601654053,-4.316417694091797,0.12866640090942383,-0.9682002067565918,-8.811394691467285
32028974,-1.5196889638900757,-8.322967529296875,-3.210397720336914,-8.813257217407227,-8.8877534866333,-10.95531940460205
32061979,-0.3591620624065399,-8.484770774841309,-4.003541946411133,-7.943479061126709,-18.249305725097656,-6.965025424957275
32094988,0.3877492845058441,-9.093134880065918,-4.361361503601074,-4.471998691558838,-13.74782657623291,-3.936062812805176
32127998,0.5872248411178589,-8.831418991088867,-4.151481628417969,-1.2599258422851562,-10.62730884552002,-2.5474705696105957
32161009,0.7902201414108276,-9.208383560180664,-4.821075916290283,-0.22992610931396484,-4.37101411819458,1.519120693206787
32194099,-0.3339861333370209,-8.882372856140137,-3.8242604732513428,1.6545917987823486,0.29831790924072266,2.2591946125030518
32227029,0.17751732468605042,-9.170788764953613,-3.689316511154175,0.8153328895568848,-0.09842276573181152,4.761712551116943
32260043,0.05248713493347168,-8.879307746887207,-3.650935173034668,5.126072406768799,0.6874289512634277,3.6859350204467773
32293044,-0.6196579933166504,-8.729879379272461,-3.748422861099243,9.741996765136719,1.549576997756958,4.082675457000732
32326052,-0.6563646793365479,-8.59194278717041,-2.620861053466797,6.995330810546875,5.562760353088379,6.791193008422852
32392142,-0.08106610178947449,-8.674192428588867,-4.351737022399902,1.0060734748840332,-2.066866397857666,-2.24228572845459
32425083,-0.40363597869873047,-9.743709564208984,-3.5854597091674805,-1.2065186500549316,-0.12131166458129883,-2.41776704788208
32458088,0.29132577776908875,-9.253874778747559,-3.462439775466919,-0.10022258758544922,-0.6248669624328613,-3.173099994659424
32491097,0.844279408454895,-9.582379341125488,-4.005487442016602,-1.7405924797058105,0.30594754219055176,-2.3872485160827637
32524106,0.5645884275436401,-9.001053810119629,-3.546665906906128,1.2807400226593018,6.417279243469238,-2.944211483001709
32557115,0.057112932205200195,-8.789228439331055,-3.1994619369506836,0.12103652954101562,5.6772050857543945,-5.172062397003174
32590265,0.5893292427062988,-9.30544662475586,-3.3861474990844727,-6.61592435836792,0.33646607398986816,-5.515395641326904
32623150,-0.21548190712928772,-8.805459976196289,-4.345579624176025,-0.29859304428100586,7.287055969238281,-4.012359142303467
32656146,-0.9229792356491089,-8.466975212097168,-2.832857608795166,-0.8174076080322266,8.469648361206055,1.7251206636428833
32689157,-0.6994773149490356,-8.820598602294922,-3.359861135482788,-7.485702037811279,2.7474281787872314,3.731712818145752
32722160,-0.6350679397583008,-9.275078773498535,-3.7520816326141357,-4.723776340484619,-5.4773101806640625,-3.2036185264587402
32755169,0.5295355319976807,-9.22722339630127,-3.766176223754883,5.080294609069824,-5.500198841094971,-2.7382116317749023
32788246,-0.05181881785392761,-9.084022521972656,-3.860521078109741,3.90533185005188,-3.1807920932769775,1.770898461341858
32821212,-0.0068184733390808105,-9.01374626159668,-3.5393121242523193,6.476516246795654,1.5037992000579834,3.342601776123047
32854200,-0.17779535055160522,-8.737771034240723,-3.073758125305176,5.370220184326172,-3.9513845443725586,4.006379127502441
32887206,-0.09122540056705475,-9.095152854919434,-3.381653070449829,0.761925220489502,-6.20212459564209,3.0068979263305664
32920221,-0.5400160551071167,-8.741514205932617,-3.54176664352417,6.110294342041016,-9.635457038879395,1.6488244533538818
32953224,-0.2799067199230194,-8.791311264038086,-2.8641622066497803,3.2491838932037354,-13.511307716369629,2.7703795433044434
32986316,0.15363582968711853,-8.785544395446777,-3.168804407119751,-1.6795554161071777,-20.828121185302734,-1.372507929801941
33019246,-0.45839670300483704,-9.082210540771484,-2.5654361248016357,-3.2131104469299316,-21.43848991394043,-6.728506565093994
33052251,-0.24052563309669495,-8.975862503051758,-2.5283453464508057,-2.465406894683838,-21.88100814819336,-7.491468906402588
33085260,0.04298582673072815,-9.835251808166504,-2.4449331760406494,-6.905849933624268,-15.495011329650879,-4.828729152679443
33118269,0.6694145202636719,-8.685839653015137,-0.8983745574951172,5.4159979820251465,4.013946533203125,2.4804537296295166
33151285,0.7402591705322266,-8.844029426574707,-3.0800373554229736,5.766961097717285,7.424389839172363,2.518601894378662
33184342,0.5558091402053833,-8.047307014465332,-2.754153251647949,4.187627792358398,9.36231517791748,0.6264542937278748
33217314,-0.0810215175151825,-8.968510627746582,-2.5082077980041504,0.5864439010620117,13.428905487060547,1.8319354057312012
33250309,-0.45515409111976624,-9.371308326721191,-2.887453556060791,3.134739398956299,-6.820124626159668,-4.4396185874938965
33283320,0.38107356429100037,-9.86065673828125,-4.231592178344727,-1.3591113090515137,-14.411603927612305,-6.59117317199707
33316323,1.4112600088119507,-9.36777400970459,-3.7696239948272705,3.1271097660064697,2.846613645553589,-0.8155452013015747
33349332,-0.47897806763648987,-9.61578369140625,-3.6069858074188232,1.4867398738861084,1.4275028705596924,-1.7234708070755005
33382424,0.6210078001022339,-10.706027030944824,-4.860018730163574,1.1815547943115234,-6.507309913635254,0.779046893119812
33415354,0.855495810508728,-9.324226379394531,-3.8985636234283447,6.7282938957214355,8.042389869689941,4.044527530670166
33448359,-0.4290972054004669,-9.36617660522461,-4.434567928314209,-1.3819999694824219,9.003722190856934,2.114231586456299
33481372,-0.3430844247341156,-9.2329683303833,-4.486937046051025,0.8611106872558594,9.263130187988281,2.1676390171051025
33514378,-0.32576411962509155,-8.72531509399414,-3.582883596420288,1.5935547351837158,5.082094192504883,0.31363964080810547
33547387,-0.130630761384964,-8.334113121032715,-4.278095722198486,-1.7100739479064941,5.745871543884277,-1.0978413820266724
33580474,-0.18067419528961182,-7.866430759429932,-4.099444389343262,4.76747989654541,2.6711318492889404,-0.15939724445343018
33613421,-0.4654320478439331,-9.025256156921387,-3.9616074562072754,-6.097109317779541,2.0760209560394287,-0.6629527807235718
33646418,-0.15175965428352356,-8.818885803222656,-3.843437671661377,-3.7471842765808105,2.777946710586548,-2.0668039321899414
33679428,0.11162862181663513,-9.139404296875,-3.833266258239746,-2.320444107055664,-2.9290144443511963,-2.9823594093322754
33712432,-0.17132030427455902,-9.05617904663086,-3.8441123962402344,-4.685628414154053,-3.135014295578003,-4.40910005569458
33745441,0.028252124786376953,-9.084210395812988,-4.034941673278809,-8.714071273803711,3.174687623977661,-3.9131741523742676
33778519,0.6346198320388794,-7.484707355499268,-4.03709602355957,-2.778221607208252,7.5083160400390625,0.31363964080810547
33811482,0.09074190258979797,-9.765615463256836,-4.395979404449463,-12.803552627563477,4.212316513061523,0.12289893627166748
33844472,-0.13076387345790863,-9.1375732421875,-3.8634824752807617,6.4917755126953125,3.0373542308807373,3.0984535217285156
33877477,0.04120531678199768,-9.074337005615234,-3.9210104942321777,5.118442535400391,9.781944274902344,3.045046329498291
33910486,-0.15237948298454285,-9.312682151794434,-3.6992757320404053,8.246589660644531,2.5185396671295166,1.7480095624923706
33943495,-0.0825006365776062,-8.663911819458008,-4.279773712158203,12.831995964050293,-2.517014503479004,0.7180098295211792
33976591,-0.19553270936012268,-8.93508529663086,-3.714231252670288,12.816736221313477,-2.7382736206054688,1.0994912385940552
34009517,-0.32843834161758423,-8.945460319519043,-3.219679832458496,8.643330574035645,-1.4183481931686401,0.9545283317565918
34042522,-0.17463082075119019,-9.133113861083984,-3.754131317138672,10.527848243713379,-6.797235488891602,0.06186187267303467
34075532,-0.28636449575424194,-8.905633926391602,-2.4366910457611084,13.175329208374023,-5.851161956787109,0.13815820217132568
34108541,0.24582508206367493,-9.198614120483398,-3.454420804977417,4.088442802429199,-12.862789154052734,-0.36539721488952637
34141550,0.1397225260734558,-9.180876731872559,-3.644712209701538,6.995330810546875,-10.314494132995605,0.06949150562286377
34174612,0.11344632506370544,-9.117982864379883,-3.007915496826172,2.6617026329040527,-6.751457691192627,0.4891210198402405
34207584,-0.057529062032699585,-8.94910717010498,-2.952342987060547,-2.854517936706543,-7.796716690063477,0.4814913868904114
34240629,0.09860765933990479,-8.61485767364502,-3.734145164489746,-4.159183979034424,-7.018494606018066,0.5043802857398987
34273591,-0.04413256049156189,-9.0096435546875,-3.293668508529663,-5.234961986541748,-2.677236795425415,0.20682477951049805
34306595,-0.09451702237129211,-8.864544868469238,-3.512190103530884,-4.365184307098389,-2.20419979095459,0.8019357323646545
34339604,0.15337437391281128,-9.010519027709961,-3.6194372177124023,-6.2573323249816895,-1.4412370920181274,-1.0368045568466187
34372681,-0.07096168398857117,-9.352540016174316,-3.7408864498138428,-4.334665775299072,0.06179952621459961,0.588306188583374
34405639,0.09000876545906067,-8.840892791748047,-3.8292903900146484,0.5254068374633789,2.343057870864868,-0.7773970365524292
34438635,-0.17968443036079407,-9.031192779541016,-3.9122374057769775,-5.646961688995361,2.625354528427124,-0.411175012588501
34471640,-0.07968857884407043,-8.395294189453125,-3.936710834503174,-7.2797017097473145,0.7484660148620605,-0.6324342489242554
34504649,-0.0743461549282074,-9.297818183898926,-3.527770519256592,-11.54466438293457,1.2825400829315186,-2.188878059387207
34537658,-0.059972405433654785,-9.489219665527344,-3.386000394821167,-5.2807393074035645,0.32883644104003906,-0.4035453796386719
34570757,0.04036974906921387,-9.217042922973633,-3.2675411701202393,2.5167396068573,1.0460212230682373,0.4967506527900696
34603693,0.01989850401878357,-8.887782096862793,-3.9507410526275635,-3.297036647796631,-0.5943484306335449,0.38230621814727783
34636690,0.29968270659446716,-8.658714294433594,-3.3336806297302246,-4.990813732147217,6.768241882324219,3.106083393096924
34669700,0.29799601435661316,-8.829488754272461,-3.4942686557769775,-7.859553813934326,9.78957462310791,5.066897392272949
34702704,0.002269834280014038,-9.137190818786621,-4.0174665451049805,-10.377330780029297,9.530166625976562,5.2423787117004395
34735713,0.02738165855407715,-8.921126365661621,-2.9710843563079834,-5.372294902801514,13.91720199584961,5.089786529541016
34768790,-0.4467541575431824,-9.044011116027832,-3.5846996307373047,-7.798516750335693,8.622241020202637,5.3186750411987305
34801747,-0.1825975775718689,-9.369775772094727,-3.4124414920806885,-15.954587936401367,7.905055999755859,3.0984535217285156
34834744,0.3200204074382782,-8.911879539489746,-3.3355929851531982,-13.57414436340332,13.085573196411133,-0.0220639705657959
34867749,-0.324807345867157,-9.268128395080566,-2.9723968505859375,-5.471479892730713,12.757498741149902,2.5567500591278076
34900804,-0.21000349521636963,-8.960811614990234,-3.6835310459136963,-10.049257278442383,13.802757263183594,2.6254167556762695
34933767,0.058669596910476685,-8.341805458068848,-3.006469964981079,-10.171331405639648,15.221868515014648,2.7169723510742188
34966844,0.007624119520187378,-8.180778503417969,-3.924252510070801,-29.443771362304688,11.445202827453613,5.517045497894287
34999802,-0.2735137939453125,-8.52342700958252,-3.6882777214050293,-39.217323303222656,3.952909231185913,1.2215652465820312
35032798,-0.41484469175338745,-9.948227882385254,-4.228599548339844,-40.21680450439453,-5.103458404541016,1.0460838079452515
35065809,0.053687721490859985,-8.639606475830078,-6.175353527069092,-35.31858444213867,-11.153752326965332,-3.6156187057495117
35098813,-0.3997479975223541,-9.487975120544434,-3.918198347091675,-4.563554286956787,-11.130864143371582,-2.7000632286071777
35131822,-0.4104796350002289,-8.993768692016602,-4.017997741699219,13.55681037902832,-20.78997230529785,-6.58354377746582
35164898,-0.4393764138221741,-8.61846923828125,-4.521474361419678,24.551103591918945,-25.009157180786133,-8.26206111907959
35197856,0.5150406360626221,-7.956729412078857,-5.0448408126831055,18.073549270629883,-22.78130531311035,-8.407024383544922
35230880,-0.060245513916015625,-8.824217796325684,-4.432438850402832,6.804590225219727,-24.650564193725586,-10.24576473236084
35263858,0.06726160645484924,-8.630462646484375,-4.313138484954834,9.772515296936035,-26.969970703125,-5.378062725067139
35296867,0.6264404058456421,-8.371901512145996,-4.035998821258545,2.5701470375061035,-16.8149356842041,0.8248246312141418
35329876,-0.2266656458377838,-8.64811897277832,-4.757193565368652,-5.761406421661377,-20.31693458557129,4.006379127502441
35362953,-0.41883909702301025,-9.866804122924805,-3.9009687900543213,3.5848875045776367,-8.849605560302734,3.0984535217285156
35395911,-0.2372313141822815,-8.783965110778809,-3.771301031112671,24.71895408630371,-5.301828384399414,-1.2122858762741089
35428907,0.42715761065483093,-8.508135795593262,-5.001153945922852,35.91925048828125,1.091799020767212,6.844600677490234
35461918,0.15578576922416687,-8.878539085388184,-3.458111524581909,1.372295618057251,20.249794006347656,6.692008018493652
35494921,-0.42863279581069946,-8.807098388671875,-3.3416736125946045,12.85488510131836,17.838830947875977,11.155340194702148
35527931,-0.4075126647949219,-8.760669708251953,-3.718285083770752,-12.42207145690918,24.12564468383789,4.79986047744751
35560963,-1.0988717079162598,-9.158954620361328,-4.6134843826293945,18.493179321289062,10.995055198669434,9.484452247619629
35594058,0.17767712473869324,-8.90796184539795,-3.915454864501953,45.74620819091797,22.698904037475586,1.6030466556549072
35626962,1.3190325498580933,-8.554624557495117,-3.3482654094696045,35.12576675415039,42.78008270263672,-13.961392402648926
35659967,-2.0465469360351562,-9.519796371459961,-2.397209882736206,49.911983489990234,6.791131019592285,4.670156955718994
35692976,0.22669348120689392,-8.713502883911133,-3.1563313007354736,32.81399154663086,-1.7387925386428833,0.5196395516395569
35725985,0.9173111915588379,-9.757725715637207,-4.301790237426758,9.299478530883789,3.6477243900299072,-2.3872485160827637
35792088,-1.210930347442627,-9.625096321105957,-3.980909824371338,25.184362411499023,-2.20419979095459,5.6238603591918945
35825016,-0.2247585654258728,-8.827322006225586,-2.6364247798919678,24.87917709350586,1.5800955295562744,1.9921576976776123
35858021,-1.3468592166900635,-9.134151458740234,-2.497506856918335,17.55473518371582,-11.680197715759277,-3.0662856101989746
35891082,0.3147827088832855,-8.997096061706543,-2.4350426197052,25.390361785888672,-16.11301040649414,-5.500136375427246
35924039,0.20733866095542908,-9.70879077911377,-3.5800957679748535,9.909849166870117,-8.491012573242188,-2.9899892807006836
35957049,-0.0546833872795105,-9.795597076416016,-2.4406228065490723,13.190587997436523,-10.810419082641602,-3.7453222274780273
35990145,0.22736284136772156,-9.10183334350586,-1.3538792133331299,23.58976936340332,-6.179235458374023,-5.385692119598389
36023071,0.23193487524986267,-9.057014465332031,-2.6445398330688477,11.679922103881836,8.172093391418457,-1.0291749238967896
36056076,-0.4229693114757538,-9.291337013244629,-3.481015205383301,12.488662719726562,7.630389213562012,3.914823532104492
36089085,-0.38551098108291626,-8.700915336608887,-2.488302230834961,10.741477966308594,0.6721696853637695,2.030305862426758
36122094,-0.802306056022644,-9.585284233093262,-1.9809201955795288,3.462813377380371,-3.684347629547119,0.9163801670074463
36155103,-0.9293645620346069,-9.461467742919922,-1.9400442838668823,-0.8021483421325684,-4.874569416046143,-2.318582057952881
36188165,-0.5977928638458252,-8.985182762145996,-2.789573907852173,-5.021332263946533,-18.78338050842285,-8.429912567138672
36221195,0.4520992338657379,-9.469457626342773,-2.659360647201538,-9.179479598999023,-15.32715892791748,-6.163914203643799
36254134,-0.30488157272338867,-9.239078521728516,-2.152686834335327,-6.142887592315674,-9.154789924621582,-1.9676190614700317
36287145,-0.3693043291568756,-9.88382339477539,-2.830968141555786,-13.98614501953125,-8.185827255249023,-2.1507301330566406
36320148,-0.06785270571708679,-9.06740665435791,-2.7320384979248047,-7.0660719871521,-8.758049964904785,-2.577989101409912
36353158,0.4767601788043976,-9.409385681152344,-2.3917806148529053,-2.2594070434570312,-5.187384128570557,-0.4645824432373047
36386254,0.0986015796661377,-9.526410102844238,-2.213632345199585,-13.040071487426758,-0.8842742443084717,-0.5179897546768188
36419180,-0.2909248471260071,-9.422425270080566,-2.511080503463745,-12.41444206237793,-2.6314589977264404,1.1147505044937134
36452185,-0.07222968339920044,-9.443180084228516,-2.2004761695861816,-13.238441467285156,2.030243158340454,2.7780094146728516
36485194,0.08427396416664124,-9.258177757263184,-2.42490816116333,-15.687551498413086,-0.24338555335998535,1.9311206340789795
36518203,-0.456969678401947,-9.539448738098145,-2.72179913520813,-16.534440994262695,2.4346134662628174,4.097934722900391
36551258,-0.19802866876125336,-9.532011985778809,-2.3991613388061523,-13.230812072753906,3.632465124130249,2.877194404602051
36584326,-0.5485861301422119,-9.496207237243652,-2.1810414791107178,-13.192663192749023,2.0455024242401123,3.830897808074951
36617234,-0.04265078902244568,-9.39915943145752,-2.585672616958618,-14.337108612060547,0.4966883659362793,1.3131208419799805
36650239,-0.5137525796890259,-9.4140625,-2.836796760559082,-15.939329147338867,-2.1736812591552734,0.26023221015930176
36683248,0.06723371148109436,-9.437907218933105,-2.5633418560028076,-14.298959732055664,-0.9910891056060791,-0.2433232069015503
36716257,-0.14652976393699646,-9.462191581726074,-2.7456581592559814,-14.688070297241211,-3.2647180557250977,-1.0902117490768433
36749267,-0.1738329976797104,-9.243786811828613,-1.982669472694397,-11.681997299194336,-3.844569683074951,-0.8308044672012329
36782335,0.1950761377811432,-9.421770095825195,-3.9295918941497803,-14.367626190185547,-5.599384307861328,-2.1965079307556152
36815311,-0.17691615223884583,-9.395109176635742,-2.559732437133789,-8.02740478515625,-2.3415331840515137,-0.11361956596374512
36848298,-0.11329208314418793,-9.389347076416016,-2.5268502235412598,-11.018218994140625,-2.593310832977295,-0.525619387626648
36881368,-0.0013463199138641357,-9.420320510864258,-3.056271553039551,-10.293405532836914,-2.9290144443511963,-0.5179897546768188
36914312,-0.15955013036727905,-9.104635238647461,-2.8406119346618652,-6.638813495635986,-0.9147927761077881,0.43571364879608154
36947321,-0.20161297917366028,-9.140533447265625,-2.857820987701416,-5.624072551727295,-4.53886604309082,-0.2585824728012085
36980417,-0.09217287600040436,-9.250995635986328,-3.0906214714050293,-7.119479656219482,-2.0058295726776123,-0.18991577625274658
37013343,0.15707668662071228,-9.334006309509277,-2.97424578666687,-6.318368434906006,2.2972805500030518,0.5348988175392151
37046348,-0.1318044811487198,-9.3026123046875,-3.0799055099487305,-6.95925760269165,0.4509105682373047,-0.14413809776306152
37079357,-0.44441092014312744,-9.353938102722168,-3.094719648361206,-6.493850231170654,0.4966883659362793,-0.0449528694152832
37112367,0.14298442006111145,-9.284821510314941,-3.0846052169799805,-5.898739337921143,1.8089840412139893,-0.838434100151062
37145376,-0.3243439495563507,-9.312704086303711,-3.1816532611846924,-3.8387398719787598,0.9544661045074463,0.23734331130981445
37178438,-0.13309979438781738,-9.28990650177002,-3.1957805156707764,-3.464888095855713,1.9234287738800049,-0.5103601217269897
37211433,-0.24316386878490448,-9.09400749206543,-2.61540150642395,-1.084444522857666,-0.4875335693359375,-2.2956929206848145
37244407,0.18056681752204895,-9.456088066101074,-3.589456558227539,-3.0605177879333496,0.12283658981323242,-1.3953968286514282
37277417,0.04670783877372742,-9.420016288757324,-2.5329906940460205,2.9592580795288086,4.425946235656738,-1.753989338874817
37310421,-0.26071134209632874,-9.020118713378906,-2.8483588695526123,9.078219413757324,-4.882199287414551,-1.3191007375717163
37343430,-0.20146727561950684,-9.189714431762695,-3.092233180999756,11.939329147338867,-3.6233105659484863,-2.478804111480713
37376496,0.12259519100189209,-9.481338500976562,-3.570216178894043,7.4149603843688965,-0.02975606918334961,-0.9452489614486694
37409474,-0.14419417083263397,-9.386002540588379,-2.538693904876709,12.00799560546875,1.1375768184661865,-0.220434308052063
37442461,-0.09952405095100403,-9.020509719848633,-2.377920627593994,15.250587463378906,-0.5104224681854248,1.3588985204696655
37475467,0.1458132565021515,-9.448081970214844,-3.487614870071411,-6.333628177642822,0.4585402011871338,-1.3343600034713745
37508476,-0.565031886100769,-10.179574012756348,-2.7690083980560303,9.024811744689941,1.3054287433624268,-1.3343600034713745
37541530,-0.11899268627166748,-8.899243354797363,-2.9181406497955322,18.783105850219727,-8.170568466186523,-4.042877674102783
37574603,-0.2887798845767975,-9.427603721618652,-2.452254056930542,12.511550903320312,-4.760125160217285,-3.951322078704834
37607507,0.28879377245903015,-9.118929862976074,-2.927440643310547,18.935697555541992,-2.5475330352783203,-2.4406557083129883
37640512,-0.13635846972465515,-9.401254653930664,-3.4995274543762207,12.793848037719727,-2.753532886505127,-0.7545081377029419
37673521,0.0692661702632904,-9.45589828491211,-2.5524020195007324,14.258735656738281,0.5958733558654785,-0.2356935739517212
37706530,0.234151691198349,-9.970687866210938,-3.806481122970581,18.096439361572266,-0.18234848976135254,-0.35013794898986816
37739539,0.06316164135932922,-9.993290901184082,-2.3946292400360107,17.99725341796875,9.46150016784668,-1.219915509223938
37772604,-0.246832013130188,-10.45361328125,-3.5543668270111084,4.996368408203125,3.769798517227173,-3.554581642150879
37805583,-0.08250975608825684,-11.6038236618042,0.00800316035747528,-8.85140609741211,7.546463966369629,3.136601686477661
37838571,-1.411147117614746,-16.511390686035156,-2.241119623184204,-71.59745788574219,-15.525529861450195,10.140600204467773
37871581,-2.9741570949554443,-14.275504112243652,-11.806541442871094,-67.65293884277344,-58.31248092651367,30.54985237121582
37904585,1.4835457801818848,-17.719463348388672,-6.150191307067871,-8.797998428344727,16.869869232177734,-16.105318069458008
37937594,0.5746948719024658,-10.857355117797852,-9.015464782714844,76.41731262207031,-4.500717639923096,-2.257544994354248
37970660,0.30302032828330994,-7.77480936050415,-3.8271918296813965,132.6171417236328,28.230382919311523,6.97430419921875
38003638,-0.844515323638916,-8.365982055664062,-3.694061279296875,80.36946105957031,5.753500938415527,13.474746704101562
38036625,-1.1087400913238525,-12.411768913269043,-3.186894416809082,92.53108978271484,-7.964568138122559,31.526445388793945
38069630,-0.31663137674331665,-11.146466255187988,-5.532931327819824,59.49479675292969,7.6914262771606445,8.690970420837402
38102639,-0.2412799894809723,-9.338515281677246,-4.366695404052734,112.7114486694336,-0.4264967441558838,-8.765616416931152
38135649,-0.27885693311691284,-5.356328964233398,4.793209552764893,167.85838317871094,21.508682250976562,-11.352060317993164
38168715,-0.6110854148864746,-7.937013149261475,0.6255279779434204,32.21125030517578,4.303872108459473,-0.5866564512252808
38201693,-0.8387120962142944,-7.59630823135376,1.8545730113983154,17.409772872924805,-6.385235786437988,-3.188359260559082
38234680,-0.279850035905838,-6.797070026397705,0.6632888317108154,-24.293771743774414,10.766166687011719,-0.4264342784881592
38267690,0.17812708020210266,-6.289122581481934,4.180230617523193,-20.745994567871094,-0.7622003555297852,5.120305061340332
38300694,-2.5244481563568115,-7.113304615020752,2.628082275390625,-53.873836517333984,-5.828272819519043,9.255562782287598
38333703,-1.7737910747528076,-7.769555568695068,3.562324285507202,-58.27613067626953,-3.836940050125122,-0.7392488718032837
38366769,2.851719379425049,-5.448210716247559,-1.0549784898757935,-60.145389556884766,-14.724418640136719,-10.16946792602539
38399747,0.03052082657814026,-4.912177085876465,0.8675026893615723,-31.503768920898438,-1.2428667545318604,1.2520837783813477
38432734,-1.6435530185699463,-1.0988988876342773,-2.319873809814453,-14.764366149902344,7.119204521179199,4.212378978729248
38465740,1.0034890174865723,-3.2287943363189697,-1.9761790037155151,1.463850975036621,15.572832107543945,-0.8231748342514038
38498749,-1.5397789478302002,-3.3443126678466797,-0.1738031953573227,15.952512741088867,10.949277877807617,-2.555100440979004
38531758,1.0826433897018433,-2.408926010131836,-0.27209222316741943,-0.6495556831359863,5.310982704162598,-3.5469517707824707
38564920,-0.5978938341140747,-2.05972957611084,-1.8487085103988647,22.69710350036621,3.2280948162078857,-10.474653244018555
38597792,-0.07785345613956451,-2.350476026535034,-1.2792705297470093,24.940214157104492,-0.5027928352355957,-9.650653839111328
38630796,0.617796778678894,-3.5160090923309326,-0.03795432299375534,19.668142318725586,10.23209285736084,-11.641985893249512
38663800,-0.8426010608673096,-5.4785284996032715,-1.258922815322876,14.533403396606445,-19.515825271606445,-8.735097885131836
38696803,0.8081777095794678,-7.044985771179199,-1.3638994693756104,22.69710350036621,7.157352447509766,-15.708578109741211
38729812,-1.03741455078125,-10.153260231018066,0.6140874624252319,-0.6266670227050781,-2.2347183227539062,-2.5169520378112793
38762891,2.3381898403167725,-15.279824256896973,1.5049923658370972,-15.397624969482422,18.78490447998047,6.348674774169922
38795847,-1.4229992628097534,-14.534090042114258,2.70367169380188,-45.6262092590332,27.314828872680664,-1.9523597955703735
38828844,-2.7184298038482666,-15.70465087890625,0.04290270805358887,-37.99658203125,0.008392095565795898,9.682822227478027
38861849,1.7243221998214722,-16.737895965576172,-1.215151071548462,-53.45420837402344,21.745201110839844,-6.896358013153076
38894858,-2.325730323791504,-16.40837860107422,-1.0169732570648193,-27.95599365234375,3.548539400100708,6.066378593444824
38927867,-0.38147208094596863,-15.073959350585938,0.4045606553554535,-8.706441879272461,-9.223457336425781,-8.529098510742188
38993953,-0.8410953283309937,-14.935115814208984,-4.655579090118408,-16.16058921813965,-13.778345108032227,-4.6074700355529785
39026911,1.0745478868484497,-15.95151424407959,-1.4801499843597412,-20.42555046081543,14.809869766235352,-2.043915271759033
39059907,-1.0596481561660767,-15.924201965332031,-2.28772234916687,-56.55946731567383,8.652759552001953,0.6035654544830322
39092918,0.7618958950042725,-15.221691131591797,-5.058258056640625,-64.86812591552734,0.786614179611206,-1.5785080194473267
39125922,0.30083051323890686,-13.092268943786621,-6.2123847007751465,-47.57939529418945,7.912685394287109,-7.560136318206787
39158931,-0.0790480375289917,-11.745123863220215,-3.744614601135254,18.935697555541992,19.967496871948242,7.454970836639404
39192007,-0.9330054521560669,-9.71739387512207,-5.127285957336426,15.632068634033203,6.5393524169921875,3.525712490081787
39224965,-0.03667768836021423,-12.8450345993042,-4.405783653259277,12.976959228515625,-8.468123435974121,14.802302360534668
39257962,-0.28797265887260437,-11.786266326904297,-3.1829659938812256,73.78509521484375,-2.8756070137023926,3.3273425102233887
39290967,-0.9100162982940674,-9.928077697753906,-2.1480977535247803,115.67937469482422,-13.167974472045898,7.973785400390625
39323976,0.2581859529018402,-8.961613655090332,-0.6692347526550293,78.78250122070312,-2.4636070728302,2.663564682006836
39356986,1.1626309156417847,-8.129193305969238,0.5109637975692749,59.6397590637207,7.729575157165527,8.10348892211914
39390080,-1.453641653060913,-7.225237846374512,3.1819565296173096,47.72228240966797,-5.507828712463379,9.881192207336426
39423008,-1.0607383251190186,-8.896953582763672,1.511584997177124,-3.4419989585876465,-9.887234687805176,11.788599967956543
39456013,0.009892314672470093,-6.484528541564941,1.6399174928665161,2.1047396659851074,-9.87197494506836,2.88482403755188
39489022,-1.4923806190490723,-6.17520809173584,3.346471071243286,-45.41257858276367,-17.44819450378418,11.903043746948242
39522031,-0.05057665705680847,-7.2424540519714355,3.9304039478302,-85.44522857666016,-5.7214579582214355,-3.6995444297790527
39555040,-1.3261842727661133,-9.433528900146484,-0.3664878010749817,-90.9004135131836,-12.313456535339355,4.380230903625488
39588145,2.741187572479248,-6.399120807647705,-0.5659282207489014,-37.920284271240234,-15.937529563903809,-3.9208035469055176
39621062,-0.48882097005844116,-3.4527111053466797,-1.3140790462493896,-17.648366928100586,-12.717826843261719,5.051638126373291
39654067,-2.734295606613159,-2.3953542709350586,0.2823883593082428,-7.996886730194092,-11.985382080078125,2.8619351387023926
39687077,2.3473546504974365,-2.527291774749756,-2.8309566974639893,-0.6877040863037109,-3.531754970550537,-17.22687339782715
39720086,-0.18851691484451294,-2.628114938735962,-3.007009983062744,16.486587524414062,3.0373542308807373,0.008454561233520508
39753095,-0.6344115734100342,-1.3532459735870361,-1.7088539600372314,37.06369400024414,17.960905075073242,8.149267196655273
39786172,0.08526399731636047,-0.07485664635896683,-0.6716021299362183,12.992218017578125,2.8160951137542725,-13.457837104797363
39819129,-0.32497167587280273,-0.39045870304107666,-0.19345836341381073,12.374217987060547,-16.54026985168457,-12.206578254699707
39852126,-0.9147696495056152,-4.69457483291626,-2.0549333095550537,9.98614501953125,-3.7072362899780273,-11.03924560546875
39885137,-0.2675046920776367,-6.100106716156006,-3.546078681945801,22.086732864379883,-14.587085723876953,-14.350503921508789
39918140,2.7723910808563232,-10.993632316589355,-0.23324209451675415,4.996368408203125,29.90890121459961,-4.256507396697998
39951152,-3.3684613704681396,-12.045263290405273,1.6897876262664795,-25.934141159057617,-7.018494606018066,-3.1425819396972656
39984246,-0.646202802658081,-16.013578414916992,1.3896715641021729,-41.15524673461914,17.43446159362793,13.84859848022461
40017172,-0.8846124410629272,-16.65935516357422,-5.802184104919434,-111.63011169433594,-1.212348222732544,-0.4416935443878174
40050177,-0.6651402711868286,-16.924049377441406,-1.4136227369308472,30.70821189880371,-5.736717224121094,-11.611467361450195
40083186,2.063631772994995,-14.029009819030762,1.7724581956863403,44.105838775634766,13.215276718139648,-6.697988033294678
40116195,-1.5229331254959106,-14.817112922668457,-1.584807276725769,-32.36591720581055,2.0455024242401123,-2.4406557083129883
40149204,1.2663553953170776,-14.053698539733887,-4.081441879272461,-19.56340217590332,1.9234287738800049,1.3665281534194946
40182267,-1.1344115734100342,-13.998443603515625,-2.497650146484375,-2.556962490081787,0.6187622547149658,-5.133914470672607
40215239,1.1766201257705688,-15.752557754516602,-3.7564430236816406,-29.893917083740234,4.113131523132324,2.6864538192749023
40248236,0.9337160587310791,-15.887866973876953,-2.3445470333099365,-51.07376480102539,19.090089797973633,6.135045051574707
40281253,-2.380607843399048,-17.82501792907715,-6.198335647583008,-88.32160186767578,0.8629105091094971,22.96600341796875
40314250,0.2898700535297394,-16.487382888793945,-8.197522163391113,-20.69258689880371,-5.889309883117676,7.348155975341797
40347259,-1.2517781257629395,-12.380817413330078,-6.159316539764404,79.40049743652344,3.5790579319000244,7.737267017364502
40380336,0.09235280752182007,-10.113480567932129,-2.942270278930664,97.98626708984375,2.404094934463501,5.120305061340332
40413294,-1.362878680229187,-8.864730834960938,-3.433612108230591,46.86013412475586,-8.88012409210205,0.8477135300636292
40446290,-0.8116711378097534,-8.330976486206055,-3.2550711631774902,21.934141159057617,-17.959379196166992,12.62022876739502
40479296,0.6898707151412964,-11.664013862609863,-1.9962592124938965,7.399701118469238,-17.722862243652344,-4.714284896850586
40512305,-1.3425016403198242,-13.309964179992676,-6.105131149291992,6.6443681716918945,-29.998931884765625,9.0724515914917
40545314,0.3204496204853058,-9.477164268493652,-2.3913612365722656,104.96737670898438,-14.686270713806152,-3.569840908050537
40578423,-2.0378971099853516,-6.733921051025391,1.506522297859192,132.77737426757812,-16.937009811401367,-8.353616714477539
40611350,0.878534197807312,-8.373501777648926,2.2239348888397217,63.6834602355957,-13.213752746582031,-5.721395969390869
40644345,1.229744553565979,-7.719000339508057,0.2840345799922943,30.26569366455078,-15.128788948059082,2.4499354362487793
40677356,-1.9875500202178955,-5.094756603240967,2.4236278533935547,17.379253387451172,2.3888356685638428,13.512895584106445
40710359,-1.783482551574707,-6.715916156768799,2.0436620712280273,-34.27332305908203,-2.1050148010253906,7.004822731018066
40743369,0.48923221230506897,-6.872828960418701,1.7655013799667358,-63.838130950927734,-5.813013553619385,2.137120485305786
40776451,0.009796947240829468,-8.08956527709961,2.727329969406128,-70.45301055908203,0.0007624626159667969,-3.4553966522216797
40809400,-0.6410322785377502,-6.067104339599609,0.8623950481414795,-55.51420593261719,-2.3262739181518555,-3.035767078399658
40842400,1.1292715072631836,-5.366813659667969,0.14017128944396973,-41.78087615966797,-5.050050735473633,6.432600498199463
40875405,-0.7801404595375061,-1.794235110282898,-0.8608835935592651,-24.347179412841797,-6.286050796508789,-6.491988182067871
40908414,-0.6842591166496277,-4.230110168457031,-2.871093988418579,-4.18970251083374,9.827722549438477,-7.155766010284424
40941428,0.40066567063331604,-2.5092999935150146,-0.8422460556030273,29.632434844970703,2.1980950832366943,-5.988432884216309
40974503,0.8689430952072144,-0.2832874357700348,-0.5590017437934875,19.7825870513916,10.186314582824707,-6.514876842498779
41007452,-1.395447850227356,-1.1552114486694336,-2.5426368713378906,25.665027618408203,2.7626874446868896,-1.296211838722229
41040455,0.41372784972190857,-2.264131784439087,-0.12235964089632034,23.093843460083008,-5.141606330871582,-11.207097053527832
41073465,-0.13959214091300964,-3.9209678173065186,-1.3698276281356812,21.071992874145508,23.0269775390625,-11.252875328063965
41106469,-0.9481796026229858,-6.281353950500488,-3.523144245147705,18.70680809020996,-2.532273769378662,-0.7087305784225464
41139478,1.1419689655303955,-10.36697006225586,2.5768866539001465,9.497848510742188,26.31534767150879,-20.84331703186035
41172561,-3.9212405681610107,-12.980851173400879,0.4623493254184723,-27.612659454345703,2.8160951137542725,7.59230375289917
41205507,4.24025297164917,-14.191720962524414,-1.3086405992507935,-31.519027709960938,36.325416564941406,-16.32657814025879
41238509,-4.290966987609863,-15.375435829162598,-0.27584272623062134,-19.876216888427734,7.226018905639648,6.295267105102539
41271521,1.7166451215744019,-16.716320037841797,-0.036120086908340454,-33.75450897216797,0.4432809352874756,-4.24124813079834
41304524,-0.34298810362815857,-14.287248611450195,-1.4221174716949463,-29.657398223876953,13.03216552734375,1.6259355545043945
41337533,-0.30764880776405334,-14.577725410461426,-2.852620840072632,-44.87087631225586,-5.790124893188477,-3.6842851638793945
41370612,0.91074538230896,-14.729515075683594,-0.9774901866912842,-35.005767822265625,6.5317230224609375,1.1300097703933716
41403562,-1.652733564376831,-12.152129173278809,-2.3454296588897705,-20.25006866455078,0.22965121269226074,2.045565128326416
41436564,1.5318653583526611,-14.401443481445312,-5.017912864685059,-30.000732421875,8.339944839477539,0.9240097999572754
41469617,-1.1844955682754517,-13.535416603088379,-4.429850101470947,-17.8238468170166,0.5195770263671875,-5.6756181716918945
41502579,0.27381035685539246,-15.413290977478027,-1.6338651180267334,-23.858882904052734,14.115571975708008,-2.3948779106140137
41535588,-0.4466423988342285,-15.496040344238281,-3.654677629470825,-31.9310302734375,7.5159454345703125,-1.0368045568466187
41568693,0.17426779866218567,-14.991342544555664,-4.693668842315674,-17.31266212463379,2.854243040084839,6.051119327545166
41601618,-0.06681174039840698,-14.231974601745605,-4.4151930809021,-1.7100739479064941,18.78490447998047,8.439192771911621
41634619,-1.5125874280929565,-11.735832214355469,-3.514653205871582,61.852352142333984,-5.576495170593262,5.41023063659668
41667624,-0.022653549909591675,-8.438078880310059,-3.4975390434265137,59.304054260253906,-4.447310447692871,3.441786766052246
41700633,0.514748215675354,-9.880023002624512,-3.19445538520813,-11.163183212280273,-3.8674585819244385,1.8700835704803467
41733643,0.0035789012908935547,-8.702786445617676,-2.1117780208587646,7.720145225524902,-3.0281996726989746,-3.783470630645752
41766725,-1.1011850833892822,-10.431937217712402,-2.659052610397339,-24.919401168823242,-17.18878746032715,2.655935287475586
41799671,0.8502275943756104,-13.21021556854248,-4.100948810577393,-13.329996109008789,-18.234046936035156,6.882748603820801
41832674,-2.0700387954711914,-11.392727851867676,-4.281841278076172,71.38175964355469,-23.574787139892578,6.745415210723877
41865684,1.4381405115127563,-7.760195732116699,0.5414050817489624,107.86663818359375,-4.02768087387085,-4.027618408203125
41898688,0.521477460861206,-9.046272277832031,0.7708288431167603,49.042205810546875,-16.494491577148438,0.7027506232261658
41931697,-0.8120589256286621,-6.7659382820129395,2.1219322681427,50.23242950439453,-8.330790519714355,8.378155708312988
41964777,-0.6636213064193726,-6.614912033081055,0.8116896152496338,-1.5956296920776367,5.921353340148926,9.499711036682129
41997726,-1.0976488590240479,-7.123016834259033,1.1978615522384644,-41.262062072753906,1.404613733291626,6.37156343460083
42030729,-0.4787570834159851,-5.131765365600586,2.311330556869507,-58.86361312866211,-7.6441240310668945,0.21445441246032715
42063734,0.021055996417999268,-8.183106422424316,3.145385980606079,-87.71885681152344,-13.114566802978516,1.3283799886703491
42096743,0.8048920631408691,-9.614302635192871,-0.6289020776748657,-75.80138397216797,-6.904050350189209,0.1686767339706421
42129752,1.576305866241455,-5.989535331726074,-1.065058946609497,-42.33784103393555,-5.401013374328613,-0.9757674932479858
42162835,-1.2180922031402588,-5.4089789390563965,1.3096095323562622,-31.09177017211914,-0.29679298400878906,2.671194553375244
42195781,-0.33403635025024414,-2.2563602924346924,-1.987550139427185,-6.867702007293701,5.318612098693848,-2.028656005859375
42228784,1.1512552499771118,-5.59605598449707,-3.330498218536377,6.583331108093262,3.7316501140594482,-7.5982842445373535
42261794,-1.2039108276367188,-0.18160249292850494,-1.056257963180542,25.718435287475586,-7.3236799240112305,-5.164433002471924
42294798,-0.005589783191680908,-2.3918814659118652,-1.9818438291549683,21.99517822265625,7.5235748291015625,-8.048431396484375
42327807,0.9726271629333496,-2.9532196521759033,-2.5558907985687256,34.729026794433594,22.86675453186035,-0.6705824136734009
42393912,1.1815528869628906,-4.240515232086182,-0.44371071457862854,37.933467864990234,1.8166139125823975,-15.662799835205078
42426839,-1.7096762657165527,-7.216078758239746,-3.2243266105651855,44.029541015625,-5.736717224121094,-9.91006088256836
42459844,0.17432716488838196,-11.319847106933594,-0.07244354486465454,9.078219413757324,1.9005396366119385,-16.76909637451172
42492853,-0.7165552377700806,-12.320308685302734,-0.7597939968109131,-14.672811508178711,4.769279479980469,-12.923763275146484
42525862,-1.9607263803482056,-15.125154495239258,1.3275171518325806,-17.76280975341797,-3.5546438694000244,-7.369395732879639
42558871,2.316258192062378,-15.685279846191406,-2.2385294437408447,-42.3912467956543,2.92290997505188,-10.482282638549805
42591956,-0.909583330154419,-14.866869926452637,0.41105225682258606,-1.2522964477539062,-13.091678619384766,-10.71117115020752
42624900,3.5040221214294434,-15.913383483886719,-0.5116651058197021,-44.47413635253906,11.063721656799316,3.907194137573242
42657903,-1.5863251686096191,-15.235857009887695,-1.1510679721832275,-25.58317756652832,5.81453800201416,0.9011209011077881
42690913,2.112088203430176,-12.261357307434082,-2.8892157077789307,-10.125553131103516,3.403576135635376,9.011414527893066
42723917,0.3432571589946747,-12.653327941894531,-1.5981676578521729,-16.389476776123047,10.819573402404785,5.211860179901123
42756926,-0.5996758937835693,-12.290610313415527,-3.0866239070892334,-10.583330154418945,5.303353309631348,7.020081996917725
42790060,1.3292969465255737,-10.779593467712402,-3.188072919845581,-9.896663665771484,3.2738726139068604,-1.769248604774475
42822955,-0.8335268497467041,-13.156461715698242,-5.2959513664245605,-29.489547729492188,-4.905087947845459,0.29075074195861816
42855957,0.19556847214698792,-17.051753997802734,-2.0726754665374756,-21.623401641845703,6.218908309936523,4.3115644454956055
42888963,-1.1248770952224731,-16.715927124023438,-3.8447470664978027,-28.566364288330078,3.693502187728882,9.156377792358398
42921972,-0.5189086198806763,-14.630297660827637,-8.006239891052246,-9.187108993530273,5.867945671081543,15.893339157104492
42954981,-1.0614099502563477,-10.872454643249512,-4.691137313842773,72.7474594116211,-6.949828147888184,3.266305446624756
42988074,0.03521701693534851,-9.436347007751465,-3.211331605911255,52.54420471191406,-4.4015326499938965,-0.47984158992767334
43021003,0.9871726036071777,-8.09449577331543,-2.9874305725097656,26.298288345336914,5.715353012084961,-3.012877941131592
43054008,0.5630544424057007,-8.637333869934082,-3.869788885116577,9.146885871887207,7.01239013671875,-0.4645824432373047
43087018,-0.36611080169677734,-8.839165687561035,-2.451880693435669,-9.972959518432617,20.516830444335938,3.739342212677002
43120076,-0.46040859818458557,-9.143778800964355,-3.5467348098754883,-26.834436416625977,4.319131851196289,7.485489368438721
43153036,-0.11269640922546387,-11.589211463928223,-3.9976208209991455,-20.02117919921875,-16.021453857421875,6.012970924377441
43186115,-0.729668378829956,-12.407716751098633,-4.7913384437561035,71.61064910888672,-5.744346618652344,10.125340461730957
43219058,-0.5999903678894043,-11.858702659606934,-3.7097036838531494,125.68181610107422,-1.2428667545318604,6.959044933319092
43252063,-0.36603522300720215,-10.950289726257324,-0.34798645973205566,121.77545166015625,-18.340862274169922,-0.9376193284988403
43285072,0.030028849840164185,-10.101944923400879,1.0275275707244873,91.35612487792969,-22.003082275390625,0.40519511699676514
43318082,1.73131263256073,-6.532416343688965,2.7064695358276367,68.33753967285156,-9.582049369812012,0.07712113857269287
43351091,-1.2080559730529785,-5.232779502868652,0.08527618646621704,32.62324905395508,-6.797235488891602,12.8567476272583
43384170,-3.2356314659118652,-5.8391432762146,3.9513537883758545,-6.9668869972229,8.294167518615723,3.3883795738220215
43417108,1.9180690050125122,-5.218199253082275,1.8483556509017944,-49.74620819091797,-10.848567962646484,-9.604875564575195
43450154,-0.2501106858253479,-7.129916667938232,3.700054883956909,-73.39041900634766,-12.916196823120117,4.380230903625488
43483137,-0.5025216937065125,-9.091065406799316,2.668623685836792,-93.4639663696289,12.635425567626953,3.1442313194274902
43516137,1.2559620141983032,-6.499729156494141,0.5723111629486084,-70.66664123535156,-15.84597396850586,-6.316506862640381
43549146,1.0685406923294067,-6.901947498321533,1.9357326030731201,-52.43946838378906,-20.439008712768555,-2.005767345428467
43582266,-0.8578517436981201,-7.533934116363525,0.9228470325469971,-44.58858108520508,-4.271828651428223,2.663564682006836
43615168,1.8412405252456665,-1.2554751634597778,-3.075654983520508,-2.144962787628174,12.925350189208984,4.090305328369141
43648173,-1.6092082262039185,-3.1976020336151123,-1.4303127527236938,24.71132469177246,9.133426666259766,-4.538803577423096
43681182,0.3810071647167206,-1.3211530447006226,0.6170474290847778,21.31614112854004,-4.599903106689453,-2.6085076332092285
43714192,0.5832858085632324,-1.6654165983200073,-1.9446219205856323,33.72191619873047,-10.398419380187988,-14.045318603515625
43747201,-1.0237507820129395,-3.161403179168701,-4.132093906402588,36.003173828125,-2.135533332824707,-8.925838470458984
43780314,-0.5023900866508484,-2.029507875442505,-1.3138660192489624,64.04205322265625,1.1223175525665283,-6.59117317199707
43813239,-0.9573312997817993,-5.265387058258057,-1.390235185623169,26.618732452392578,20.936460494995117,-5.4390997886657715
43846232,-0.41162213683128357,-12.198176383972168,0.3879459798336029,3.912961483001709,10.537277221679688,-12.984800338745117
43879243,-0.4739317297935486,-9.577133178710938,-0.13573625683784485,4.225776195526123,16.290016174316406,-6.499617576599121
43912246,-4.45639181137085,-13.95463752746582,0.12214139103889465,-39.43095397949219,-8.765679359436035,-4.836359024047852
43945256,2.74224853515625,-15.25784969329834,1.317992091178894,-34.84554672241211,-16.181676864624023,-26.535018920898438
43978328,0.3168325126171112,-14.318568229675293,0.2445315420627594,-40.25495147705078,-15.258492469787598,-8.460431098937988
44011301,0.27187052369117737,-16.295021057128906,-1.018885850906372,-58.23798370361328,-23.41456413269043,-11.91665267944336
44044287,3.0760161876678467,-14.858538627624512,0.010429233312606812,-33.289100646972656,-2.2576072216033936,-0.6629527807235718
44077292,0.20633819699287415,-13.441020011901855,-2.304609537124634,-26.040956497192383,4.700613021850586,-0.4493231773376465
44110326,2.912691354751587,-12.406539916992188,-1.1624078750610352,-24.713401794433594,13.138980865478516,9.286081314086914
44143311,-0.4951440393924713,-12.840875625610352,-2.8500616550445557,-22.645771026611328,12.055573463439941,8.469711303710938
44176407,-0.1374937742948532,-10.982168197631836,-2.2676308155059814,-10.529922485351562,15.359201431274414,10.468673706054688
44209333,0.4269208610057831,-10.310982704162598,-3.047375202178955,-21.73784637451172,8.782463073730469,11.140081405639648
44242338,-0.21927475929260254,-11.045823097229004,-3.6378464698791504,-17.243995666503906,0.30594754219055176,11.437636375427246
44275347,-0.7066153287887573,-10.536742210388184,-2.5164172649383545,-14.497329711914062,3.6477243900299072,8.744378089904785
44308356,0.024131685495376587,-10.327925682067871,-3.265376329421997,-17.846736907958984,-6.423383712768555,5.486526966094971
44341372,-0.0660105049610138,-9.780393600463867,-2.923536539077759,-8.317331314086914,-3.455458641052246,3.0145277976989746
44374428,-0.30704164505004883,-9.70290470123291,-3.3923451900482178,-6.806664943695068,-6.415754318237305,-1.5022116899490356
44407404,-0.18774963915348053,-9.49917984008789,-2.961775064468384,-2.152592182159424,-12.9696044921875,-2.7611002922058105
44440397,-0.24602153897285461,-9.432334899902344,-2.8826358318328857,-0.8937039375305176,-8.231605529785156,-3.4325075149536133
44473408,-0.6401569843292236,-9.192946434020996,-2.8030009269714355,-1.0234074592590332,-5.76723575592041,-2.2346558570861816
44506411,0.17994990944862366,-9.317493438720703,-2.5216171741485596,-6.7532572746276855,-6.896420478820801,-3.4630260467529297
44539421,0.04996052384376526,-9.439169883728027,-2.2555692195892334,-3.8463692665100098,-5.614643096923828,-2.5245819091796875
44572527,0.007201522588729858,-8.941539764404297,-2.013359785079956,-1.0310373306274414,-2.0134592056274414,-2.41776704788208
44605450,0.3176712691783905,-9.452737808227539,-2.6547863483428955,-6.799035549163818,-2.0897555351257324,1.7174910306930542
44638452,0.3834470808506012,-9.413299560546875,-2.5737788677215576,-6.119998455047607,-0.18997812271118164,0.19919514656066895
44671464,0.08808368444442749,-9.714831352233887,-2.4004805088043213,-5.318887233734131,8.67564868927002,3.5486016273498535
44704466,-0.11864078044891357,-9.730889320373535,-1.9366729259490967,-7.539109706878662,4.006317138671875,4.288675308227539
44737476,-0.18670764565467834,-9.684606552124023,-2.7118194103240967,-10.476516723632812,2.2057249546051025,3.891934871673584
44770558,-0.29685890674591064,-9.874022483825684,-2.334362030029297,-3.457258701324463,5.6772050857543945,2.9229722023010254
44803505,-0.10003501176834106,-9.400018692016602,-1.6460907459259033,0.4109625816345215,3.1899468898773193,0.7561579942703247
44836507,0.22437426447868347,-9.177491188049316,-2.005119800567627,-1.7482218742370605,2.777946710586548,2.9229722023010254
44869518,-0.31160303950309753,-9.508086204528809,-2.1577908992767334,-3.976073741912842,6.051056861877441,4.220008850097656
44902521,-0.5700368881225586,-9.557886123657227,-1.3892427682876587,-0.24518537521362305,1.480910062789917,1.4275652170181274
44935531,-0.17261329293251038,-9.895630836486816,-1.579068660736084,-3.1215548515319824,-3.440199375152588,-0.4645824432373047
44968610,0.5039232969284058,-9.630127906799316,-1.9792473316192627,-3.098665714263916,-1.3496816158294678,0.4662321209907532
45001560,0.317095011472702,-9.93607234954834,-1.831234335899353,1.6393325328826904,-2.143162727355957,2.129490852355957
45034562,-0.3201187551021576,-9.261880874633789,-1.7476396560668945,4.622516632080078,-1.9447925090789795,2.6940832138061523
45067567,-0.02723771333694458,-9.2966947555542,-1.9452412128448486,-0.12311124801635742,-1.1131629943847656,2.3049724102020264
45100576,0.15306922793388367,-9.224455833435059,-3.1142797470092773,2.0971100330352783,2.5872061252593994,2.510972261428833
45133586,-0.09697389602661133,-8.89322566986084,-2.4107558727264404,3.073702335357666,7.142093658447266,5.593341827392578
45166668,-0.2906307578086853,-9.3716402053833,-3.340667486190796,-8.195257186889648,7.660907745361328,3.525712490081787
45199615,0.3264137804508209,-9.349458694458008,-3.0391645431518555,-7.867183208465576,12.299721717834473,1.9921576976776123
45232617,-0.2727465033531189,-9.315722465515137,-2.7028396129608154,-9.003997802734375,12.849054336547852,0.8858616352081299
45265628,-0.5791941285133362,-9.252583503723145,-3.257223606109619,-2.991851329803467,3.8003170490264893,2.36600923538208
45298631,-0.33547496795654297,-9.804516792297363,-3.2343411445617676,-3.6479992866516113,5.578020095825195,4.067416191101074
45331641,0.11772119998931885,-9.908933639526367,-2.778306722640991,-1.8626666069030762,6.989500999450684,5.4712677001953125
45364724,-0.5134889483451843,-9.440898895263672,-2.566335916519165,3.1957764625549316,2.8237245082855225,5.7154154777526855
45397670,-0.37797147035598755,-9.612800598144531,-2.656613349914551,2.7227394580841064,-1.4336074590682983,4.128453254699707
45430736,-0.11907917261123657,-8.952901840209961,-2.1964786052703857,7.20133113861084,-0.23575592041015625,3.5638608932495117
45463677,-0.7546675205230713,-9.123509407043457,-2.585385322570801,3.4704430103302,-1.2810149192810059,2.3354907035827637
45496686,0.13186994194984436,-9.233196258544922,-2.024749755859375,2.7990357875823975,-0.30442261695861816,0.18393588066101074
45529696,0.12009492516517639,-10.058714866638184,-2.5066866874694824,4.2639241218566895,7.3557233810424805,2.4117870330810547
45562775,-0.6962605714797974,-9.085331916809082,-3.0297441482543945,15.349773406982422,6.005278587341309,3.0145277976989746
45595751,-0.2529483437538147,-9.178534507751465,-2.4502930641174316,10.367626190185547,1.633502721786499,0.8706023693084717
45628727,0.01654478907585144,-9.227091789245605,-2.5207672119140625,9.017182350158691,1.8242433071136475,-1.8913227319717407
45661742,-0.5768169164657593,-8.815681457519531,-2.461899995803833,5.7288126945495605,1.7479469776153564,-3.005248546600342
45694742,-0.047341614961624146,-8.790813446044922,-2.9022655487060547,-1.3057036399841309,3.327279806137085,-0.32724905014038086
45727751,0.11549457907676697,-9.113415718078613,-2.8882393836975098,-4.830591678619385,6.58513069152832,3.8614163398742676
45793856,-0.8487077951431274,-9.586518287658691,-2.0006237030029297,3.1194801330566406,-4.218421459197998,2.816157341003418
45826782,-0.004190415143966675,-10.461454391479492,-2.4260177612304688,-8.683553695678711,-8.452864646911621,-0.32724905014038086
45859787,0.26073023676872253,-10.29548454284668,-2.9941301345825195,-10.88851547241211,-4.4930877685546875,0.24497294425964355
45892797,-0.8111226558685303,-9.707106590270996,-2.954193353652954,-18.24347686767578,-0.9529409408569336,1.5572688579559326
45925806,-0.4498739242553711,-9.72164249420166,-2.609104871749878,-22.744956970214844,-9.055604934692383,0.44334328174591064
45958815,0.391910582780838,-8.116018295288086,-5.057884693145752,-15.893550872802734,6.791131019592285,3.8614163398742676
45991890,-0.445173978805542,-8.005008697509766,-4.61576509475708,-22.40925407409668,9.0113525390625,2.9458608627319336
46024837,-1.1042160987854004,-8.2095308303833,-4.531508922576904,-22.393993377685547,4.3572797775268555,1.2520837783813477
46057842,-0.43071848154067993,-7.90423059463501,-4.353846073150635,-24.15643882751465,4.410687446594238,-1.8608042001724243
46090852,0.3865121304988861,-7.742873191833496,-4.992760181427002,-32.701622009277344,7.279426574707031,-5.950284481048584
46123861,-1.2714073657989502,-8.343730926513672,-4.8510870933532715,-29.268287658691406,1.71742844581604,-4.424359321594238
46156870,-0.6352944374084473,-8.692265510559082,-5.4589667320251465,-24.980438232421875,-1.8456072807312012,-6.537765979766846
46189966,-0.03482124209403992,-9.036123275756836,-5.183262348175049,-23.77495765686035,-0.8766446113586426,-10.459393501281738
46222892,-0.2506663203239441,-9.010400772094727,-5.254462242126465,-18.602069854736328,-3.4173104763031006,-8.963987350463867
46255898,0.11072531342506409,-8.480961799621582,-5.152485370635986,-10.354442596435547,-2.295755386352539,-9.528579711914062
46288907,0.07639703154563904,-7.716463565826416,-4.945590972900391,-8.630146026611328,3.3883168697357178,-5.4467291831970215
46321916,-0.053407639265060425,-8.295442581176758,-5.460936546325684,-13.597034454345703,2.022613763809204,-3.7605814933776855
46354925,0.46294739842414856,-7.72645902633667,-5.32836389541626,-12.910367965698242,3.0449836254119873,-4.4396185874938965
46387988,-0.29456081986427307,-8.146210670471191,-5.587183475494385,-18.548662185668945,3.258613348007202,1.969268798828125
46420976,-0.16148345172405243,-9.665351867675781,-4.31848669052124,-20.562883377075195,8.965574264526367,8.8740816116333
46453957,0.00991860032081604,-8.67103099822998,-3.2325565814971924,-5.669850826263428,12.635425567626953,8.484971046447754
46486967,-0.8487539291381836,-8.57974624633789,-3.0281879901885986,-1.168370246887207,0.5500955581665039,2.1676390171051025
46519971,-0.5392399430274963,-8.125467300415039,-3.857804775238037,-0.10785198211669922,-4.264199256896973,-0.34250831604003906
46552980,0.7483252286911011,-8.740252494812012,-4.176300525665283,-1.3438520431518555,1.6945397853851318,1.3512688875198364
46586100,-0.18383347988128662,-8.785295486450195,-4.189204692840576,13.274513244628906,-1.1207926273345947,3.518083095550537
46619003,0.07160359621047974,-8.525056838989258,-3.3777968883514404,28.70924949645996,-1.1513111591339111,1.8853428363800049
46652008,0.766393780708313,-8.574188232421875,-3.2294843196868896,43.76250457763672,1.3664658069610596,2.2363057136535645
46685017,0.351034015417099,-9.242011070251465,-3.444422960281372,51.60576248168945,6.859797477722168,4.883786201477051
46718026,-0.12346392869949341,-9.099899291992188,-3.704409122467041,65.58324432373047,13.962980270385742,7.203193187713623
46751067,-0.6339272260665894,-8.270367622375488,-1.0999681949615479,70.0084228515625,12.910091400146484,8.378155708312988
46784124,-2.0295839309692383,-9.606160163879395,-2.5355148315429688,34.25598907470703,-9.818568229675293,-0.5027304887771606
46817058,-0.3701922595500946,-8.633766174316406,-4.924711227416992,7.9871826171875,-13.442641258239746,-8.651172637939453
46850063,3.5833241939544678,-11.545548439025879,-3.1013951301574707,1.9521472454071045,11.407054901123047,-2.2193965911865234
46883072,-3.7471957206726074,-13.051678657531738,-1.082677960395813,8.185552597045898,-1.0139780044555664,2.3354907035827637
46916081,-3.144348382949829,-10.212318420410156,-3.4390053749084473,10.100589752197266,-22.148046493530273,1.6411948204040527
46949091,1.5436663627624512,-7.3575568199157715,-1.4082086086273193,23.887325286865234,-13.915678024291992,-6.690358638763428
46982160,1.0790419578552246,-8.12717342376709,0.5021777153015137,28.556657791137695,-11.42841911315918,-0.2585824728012085
47015108,0.015033423900604248,-11.073973655700684,-1.8572874069213867,20.65236473083496,-16.151159286499023,2.6025278568267822
47048141,0.38893988728523254,-10.166712760925293,-0.426984041929245,20.65236473083496,-1.5022741556167603,3.7088236808776855
47081189,0.6153401136398315,-10.160625457763672,-0.5809290409088135,26.85525131225586,8.652759552001953,4.654897689819336
47114136,-0.36861640214920044,-9.972274780273438,-0.7171962261199951,25.16147232055664,8.317055702209473,-3.5927295684814453
47147146,0.974845290184021,-8.98936653137207,0.10119825601577759,29.449323654174805,11.498610496520996,-2.722952365875244
47180242,0.4563620388507843,-9.455071449279785,-0.9464958906173706,14.579179763793945,15.168460845947266,-0.9986563920974731
47213168,0.6281089782714844,-10.305729866027832,-1.3097810745239258,10.703329086303711,23.48475456237793,-7.056581020355225
47246173,-0.14053569734096527,-10.122011184692383,-1.4057689905166626,28.838953018188477,29.474014282226562,-3.6003594398498535
47279182,-0.460313618183136,-8.844195365905762,-0.2788046598434448,21.880733489990234,27.26142120361328,-3.730062961578369
47312192,-0.12078458070755005,-10.439469337463379,-0.7926398515701294,1.8605916500091553,23.355051040649414,-2.2193965911865234
47345201,-0.5310193300247192,-10.01419734954834,-0.10176597535610199,16.44843864440918,20.638904571533203,-1.0596932172775269
47378263,-0.44410037994384766,-9.844114303588867,-0.6829776763916016,22.68947410583496,13.43653678894043,3.273934841156006
47411294,-0.5244318246841431,-9.850308418273926,-0.8089163303375244,26.328805923461914,10.102389335632324,-1.6166561841964722
47444232,-0.11649203300476074,-9.241246223449707,-0.44866693019866943,30.746360778808594,6.836908340454102,-3.485914707183838
47477243,-0.22649189829826355,-9.916984558105469,-0.15780778229236603,26.649250030517578,2.007354497909546,-3.6842851638793945
47510247,-0.18051691353321075,-9.444135665893555,-0.5377452969551086,26.45088005065918,-0.8079779148101807,-3.783470630645752
47543256,0.24057945609092712,-9.573933601379395,0.2848944664001465,22.2011775970459,3.2204654216766357,-4.111544609069824
47576360,0.22217026352882385,-9.65443229675293,-0.4252569377422333,16.509475708007812,-2.585681200027466,-5.698506832122803
47609288,0.16859692335128784,-9.741842269897461,0.24077734351158142,7.04110860824585,1.3893544673919678,-4.645618438720703
47642288,0.3912235200405121,-9.525840759277344,0.01887814700603485,-0.6953334808349609,0.4203920364379883,-4.233618259429932
47675293,0.0031803250312805176,-10.258423805236816,-0.8228245973587036,0.21259212493896484,-1.8837554454803467,-2.1354708671569824
47708302,0.2772124707698822,-9.823617935180664,0.2750338613986969,13.839107513427734,0.5958733558654785,-2.7458410263061523
47741368,0.47938862442970276,-9.87440299987793,0.09289753437042236,5.965331077575684,0.9468362331390381,-0.8155452013015747
47774391,0.05076134204864502,-9.659226417541504,0.09129233658313751,3.4017763137817383,1.6640212535858154,-0.9681378602981567
47807343,0.06905308365821838,-9.669046401977539,-0.34770989418029785,-6.142887592315674,3.10602068901062,1.3054912090301514
47840343,0.06796151399612427,-10.170495986938477,-0.30963706970214844,-8.347848892211914,6.150241851806641,0.6035654544830322
47873353,-0.5264747142791748,-9.723780632019043,-0.9016909599304199,-11.025850296020508,10.209203720092773,0.7561579942703247
47906357,0.6527013778686523,-10.03679370880127,0.13701823353767395,-23.225624084472656,15.740682601928711,-1.8836930990219116
47939366,0.18465301394462585,-8.447811126708984,-0.3023664355278015,-41.08658218383789,18.411052703857422,-2.318582057952881
47972446,0.32118239998817444,-10.350927352905273,-0.1743467152118683,-71.39908599853516,15.336313247680664,-2.631396770477295
48005398,-0.38147246837615967,-10.067839622497559,-1.1393920183181763,-22.332956314086914,-1.5022741556167603,0.6722320914268494
48038398,0.1744661033153534,-8.855884552001953,-1.0244418382644653,-20.501846313476562,-1.3344223499298096,2.0913426876068115
48071467,0.8234930038452148,-9.725104331970215,-1.0466508865356445,-47.75487518310547,-0.15182995796203613,1.702231764793396
48104412,0.8103311061859131,-10.29806137084961,-2.006916046142578,-42.704063415527344,3.563798666000366,-1.3191007375717163
48137422,-0.13345874845981598,-8.945893287658691,-1.4251810312271118,-24.591327667236328,5.013427734375,-1.906581997871399
48170523,0.08031576871871948,-9.63662052154541,-0.8498495817184448,-34.82265853881836,-2.822199583053589,0.5043802857398987
48203456,0.2429751455783844,-11.08338451385498,-1.2878999710083008,1.6393325328826904,-23.818933486938477,2.907712936401367
48236453,0.9181861877441406,-10.798412322998047,-2.2894132137298584,100.90841674804688,-41.88589096069336,7.805933475494385
48269464,0.021416425704956055,-8.67745304107666,-1.6324206590652466,138.91159057617188,-31.761377334594727,2.434676170349121
48302468,-0.285138875246048,-8.663460731506348,-0.6066504716873169,68.75716400146484,-18.028047561645508,-0.4493231773376465
48335477,0.30167171359062195,-10.408266067504883,-1.2300260066986084,6.033998012542725,-8.11716079711914,0.23734331130981445
48368557,0.06984937191009521,-10.05688190460205,-0.34986042976379395,5.202368259429932,2.1523172855377197,-1.1817673444747925
48401532,0.058081358671188354,-9.557223320007324,-0.18745608627796173,13.55681037902832,3.342539072036743,-0.9605082273483276
48434509,0.20220401883125305,-9.62289047241211,-0.02073127031326294,7.55992317199707,4.799798011779785,-0.9071007966995239
48467514,0.16664421558380127,-9.84573745727539,-0.10944382846355438,1.7537767887115479,4.57853889465332,-0.8765822649002075
48500523,0.050108522176742554,-9.8482027053833,-0.2978111505508423,5.37785005569458,5.974760055541992,-0.9376193284988403
48533532,0.07940879464149475,-9.627500534057617,-0.055428944528102875,10.924589157104492,5.211797714233398,-1.4259153604507446
48566633,0.029699265956878662,-9.82191276550293,0.18016082048416138,7.376811981201172,4.3649091720581055,-3.325692653656006
48599564,0.14074665307998657,-9.919991493225098,0.3315558433532715,3.439924478530884,4.265724182128906,-3.119692802429199
48632564,0.2052912414073944,-9.702329635620117,0.2601567804813385,6.735923767089844,4.074983596801758,-2.3796186447143555
48665574,0.23847469687461853,-9.872425079345703,0.31095072627067566,3.38651704788208,3.4340946674346924,-1.5556191205978394
48698578,0.26017746329307556,-9.713266372680664,0.3952848017215729,3.935850143432617,2.9992058277130127,-0.4264342784881592
48731626,0.2441406548023224,-9.829318046569824,0.4628472626209259,3.3254799842834473,2.533798933029175,0.054232239723205566
48764667,0.19513311982154846,-9.74522876739502,0.35581979155540466,2.547258138656616,2.2057249546051025,0.7561579942703247
48797619,0.2991859018802643,-9.826552391052246,0.4187310039997101,1.9674065113067627,2.0760209560394287,1.0994912385940552
48830619,0.07219389081001282,-9.838287353515625,0.342719703912735,3.088961601257324,2.1294286251068115,1.2215652465820312
48863624,0.17022064328193665,-9.699807167053223,0.47066375613212585,5.126072406768799,2.533798933029175,1.1910467147827148
48896633,0.162969708442688,-9.815136909484863,0.5976649522781372,0.4491105079650879,2.2743914127349854,-0.16702687740325928
48929643,0.08413702249526978,-9.893279075622559,0.25008994340896606,-1.542222023010254,2.571946859359741,-0.4264342784881592
48962723,0.14953166246414185,-9.91069507598877,0.08449375629425049,6.4917755126953125,2.335428476333618,-0.7850266695022583
48995675,0.2532549798488617,-9.630014419555664,0.6300978660583496,9.154515266418457,2.2820212841033936,-1.38013756275177
49028674,0.23789933323860168,-9.924586296081543,0.5319831371307373,1.2425918579101562,3.159428358078003,-1.372507929801941
49061685,0.1714412271976471,-9.814580917358398,0.5009955167770386,5.660146236419678,3.8995020389556885,-1.1817673444747925
49094689,0.10181349515914917,-9.705216407775879,0.5726557970046997,6.301034927368164,3.693502187728882,-0.7468785047531128
49127698,0.18127182126045227,-9.797338485717773,0.4967670142650604,4.294442653656006,3.5409095287323,-0.38065648078918457
49193800,0.22059354186058044,-9.71264362335205,0.6286226511001587,2.1123692989349365,2.556687593460083,-0.12887883186340332
49226730,0.17362627387046814,-9.835748672485352,0.632304310798645,1.8529620170593262,1.480910062789917,-0.13650846481323242
49259735,0.1541634202003479,-9.77345085144043,0.6225306987762451,1.99029541015625,1.236762285232544,0.5806765556335449
49292744,0.23649337887763977,-9.760066032409668,0.6497836112976074,2.5625174045562744,1.1299474239349365,0.21445441246032715
49325753,0.17216604948043823,-9.800848960876465,0.8628474473953247,1.2654807567596436,1.0536510944366455,0.4891210198402405
49358762,0.1415228247642517,-9.743706703186035,0.7449594736099243,-0.9547410011291504,1.0383918285369873,1.0003061294555664
49391828,0.07585358619689941,-9.999034881591797,0.2835809290409088,1.6317028999328613,1.000243902206421,1.4351948499679565
49424794,0.07942146062850952,-9.587377548217773,0.8323308229446411,7.55992317199707,0.35935497283935547,1.2673430442810059
49457794,0.15780043601989746,-9.836909294128418,0.8315354585647583,-2.2594070434570312,0.37461423873901367,1.0460838079452515
49490811,0.11623230576515198,-9.864279747009277,0.6052554845809937,-1.0691852569580078,0.7026882171630859,1.091861605644226
49523808,0.10453656315803528,-9.676304817199707,0.6185349225997925,1.3875548839569092,1.1986138820648193,0.9392690658569336
49556818,0.09074258804321289,-9.800763130187988,0.6000311374664307,-0.5122222900390625,1.3359472751617432,0.5348988175392151
