seq,ax,ay,az,roll,pitch,yaw
1,0.4740664064884186,-9.675264358520508,-0.19692909717559814,-4.6540727615356445,-26.45191764831543,-2.090517997741699
2,0.4620950222015381,-9.66628646850586,-0.13767080008983612,-5.073702335357666,-5.699331760406494,-1.8311105966567993
3,0.4716721177101135,-9.655511856079102,0.044892650097608566,-5.409405708312988,3.2578508853912354,-1.5793328285217285
4,0.4567079246044159,-9.662693977355957,-0.1484450399875641,-7.789849758148193,3.5706655979156494,-1.4496291875839233
5,0.44234228134155273,-9.66628646850586,0.08619388937950134,-4.997406005859375,3.463850736618042,-1.3885921239852905
6,0.45012366771698,-9.686636924743652,-0.07601822167634964,-5.287331581115723,3.2731101512908936,-1.4114810228347778
8,0.46389076113700867,-9.680052757263184,-0.041301239281892776,-6.050294399261475,3.2120730876922607,-1.2970366477966309
9,0.45072221755981445,-9.680052757263184,-0.05686402693390846,-5.111850261688232,3.3494064807891846,-1.2817773818969727
10,0.44892650842666626,-9.645336151123047,0.06524398922920227,-4.181035995483398,3.4333322048187256,-1.2207403182983398
11,0.44533511996269226,-9.680651664733887,-0.0011971374042332172,-5.142368793487549,3.4257025718688965,-1.2588884830474854
12,0.4315679967403412,-9.675264358520508,0.0,-5.539109230041504,3.311258316040039,-1.3199255466461182
13,0.4435393810272217,-9.669877052307129,-0.04549122229218483,-5.82903528213501,3.143406391143799,-1.419110655784607
15,0.4429408311843872,-9.669279098510742,-0.007781392894685268,-4.905850410461426,2.9679250717163086,-1.380962610244751
16,0.44054654240608215,-9.648927688598633,-0.02334417961537838,-4.676961421966553,3.089999198913574,-1.3580737113952637
17,0.44054654240608215,-9.668680191040039,-0.05806116387248039,-5.325479984283447,3.234961986541748,-1.4419995546340942
18,0.4417437016963959,-9.663891792297363,-0.03052700310945511,-5.302590847015381,3.0518510341644287,-1.4496291875839233
19,0.4519193768501282,-9.650124549865723,-0.06105400621891022,-5.104220867156982,3.1128878593444824,-1.4114810228347778
20,0.4429408311843872,-9.674665451049805,-0.05865973234176636,-4.7379984855651855,3.2578508853912354,-1.3580737113952637
22,0.4531164765357971,-9.660898208618164,0.029928434640169144,-4.097109794616699,3.2120730876922607,-1.4801477193832397
23,0.4543136656284332,-9.671672821044922,-0.033519845455884933,-3.9445173740386963,3.1281471252441406,-1.3275551795959473
24,0.43515944480895996,-9.66628646850586,0.11851660162210464,-7.164219856262207,3.38755464553833,-1.6251106262207031
25,0.44713082909584045,-9.663891792297363,0.010774236172437668,-6.538590431213379,3.234961986541748,-1.5640735626220703
26,0.43875083327293396,-9.67825698852539,-0.11971373856067657,-5.600146293640137,3.2502212524414062,-1.4877773523330688
27,0.44892650842666626,-9.651321411132812,0.005387118086218834,-5.0508131980896,3.2807397842407227,-1.3962217569351196
29,0.4543136656284332,-9.654912948608398,-0.04668835923075676,-5.172887325286865,3.242591619491577,-1.3962217569351196
30,0.4704749882221222,-9.659102439880371,-0.013767079450190067,-5.165257930755615,3.151036024093628,-1.4648884534835815
31,0.4519193768501282,-9.672869682312012,-0.03711125999689102,-5.2720723152160645,3.1815545558929443,-1.419110655784607
32,0.44413796067237854,-9.646533012390137,-0.06464541703462601,-5.157628059387207,3.151036024093628,-1.4114810228347778
33,0.4531164765357971,-9.656708717346191,-0.007781392894685268,-5.066072463989258,3.1891841888427734,-1.4114810228347778
34,0.4549122154712677,-9.669877052307129,-0.04010410234332085,-5.21866512298584,3.2044434547424316,-1.4419995546340942
36,0.45012366771698,-9.66329288482666,-0.005985687021166086,-5.241553783416748,3.158665657043457,-1.4419995546340942
37,0.437553733587265,-9.661497116088867,-0.03830839693546295,-5.157628059387207,3.1968138217926025,-1.3885921239852905
38,0.45610934495925903,-9.64713191986084,-0.014964217320084572,-5.088961601257324,3.143406391143799,-1.4038513898849487
39,0.4585036039352417,-9.687834739685059,-0.041301239281892776,-5.172887325286865,3.166295289993286,-1.419110655784607
40,0.44234228134155273,-9.648927688598633,-0.0221470408141613,-5.073702335357666,3.143406391143799,-1.419110655784607
41,0.45610934495925903,-9.671672821044922,-0.02094990387558937,-5.142368793487549,3.2120730876922607,-1.3885921239852905
43,0.4465322494506836,-9.654314041137695,-0.020351335406303406,-5.081331729888916,3.1968138217926025,-1.4343699216842651
44,0.45610934495925903,-9.636357307434082,-0.019154198467731476,-5.180517196655273,3.1815545558929443,-1.4038513898849487
45,0.4567079246044159,-9.647729873657227,-0.02573845349252224,-5.142368793487549,3.1968138217926025,-1.4038513898849487
46,0.4465322494506836,-9.64713191986084,-0.01855562999844551,-5.096590995788574,3.2044434547424316,-1.3657033443450928
47,0.4465322494506836,-9.675863265991211,-0.03830839693546295,-5.172887325286865,3.1052582263946533,-1.3962217569351196
48,0.4513207972049713,-9.67945384979248,-0.015562785789370537,-5.066072463989258,3.158665657043457,-1.4038513898849487
50,0.4279766380786896,-9.658504486083984,-0.01975276693701744,-5.165257930755615,3.2044434547424316,-1.4496291875839233
51,0.4513207972049713,-9.658504486083984,-0.015562785789370537,-5.111850261688232,3.1968138217926025,-1.4038513898849487
52,0.45790502429008484,-9.683046340942383,-0.08080677688121796,-5.203405857086182,3.242591619491577,-1.3885921239852905
53,0.43575799465179443,-9.68244743347168,-0.03890696540474892,-5.088961601257324,3.2044434547424316,-1.426740288734436
54,0.4429408311843872,-9.650723457336426,-0.04189980775117874,-5.157628059387207,3.151036024093628,-1.3733329772949219
55,0.4447365701198578,-9.67945384979248,-0.05147690698504448,-5.172887325286865,3.1052582263946533,-1.380962610244751
57,0.4477293789386749,-9.657307624816895,-0.011971374042332172,-5.172887325286865,3.1739249229431152,-1.426740288734436
58,0.4417437016963959,-9.675863265991211,-0.009577099233865738,-5.127109527587891,3.21970272064209,-1.4114810228347778
59,0.45012366771698,-9.671074867248535,-0.03591412305831909,-5.142368793487549,3.1891841888427734,-1.3962217569351196
60,0.4734678566455841,-9.668081283569336,-0.0221470408141613,-5.149998664855957,3.1739249229431152,-1.419110655784607
61,0.4243851900100708,-9.650124549865723,-0.03890696540474892,-5.188146591186523,3.2044434547424316,-1.4038513898849487
62,0.4614964723587036,-9.663891792297363,-0.010774236172437668,-5.104220867156982,3.1815545558929443,-1.4114810228347778
64,0.45072221755981445,-9.670475959777832,-0.04668835923075676,-5.172887325286865,3.1891841888427734,-1.4496291875839233
65,0.4513207972049713,-9.663891792297363,0.012569942511618137,-5.119480133056641,3.227332353591919,-1.3962217569351196
66,0.45251792669296265,-9.668680191040039,-0.05267404392361641,-5.249183654785156,3.1968138217926025,-1.419110655784607
67,0.4632921814918518,-9.644737243652344,-0.0071828244253993034,-5.073702335357666,3.1739249229431152,-1.3962217569351196
68,0.4585036039352417,-9.684243202209473,-0.06045543774962425,-5.157628059387207,3.2044434547424316,-1.426740288734436
69,0.44533511996269226,-9.662693977355957,-0.05506831780076027,-5.188146591186523,3.151036024093628,-1.3962217569351196
71,0.437553733587265,-9.6770601272583,-0.03890696540474892,-5.180517196655273,3.1739249229431152,-1.4038513898849487
72,0.4567079246044159,-9.659701347351074,-0.021548472344875336,-5.119480133056641,3.1739249229431152,-1.3733329772949219
73,0.4555107653141022,-9.66748332977295,-0.006584255490452051,-5.134739398956299,3.151036024093628,-1.4114810228347778
74,0.4465322494506836,-9.672271728515625,-0.04549122229218483,-5.127109527587891,3.166295289993286,-1.4496291875839233
75,0.46987640857696533,-9.666884422302246,-0.02693559043109417,-5.073702335357666,3.1357767581939697,-1.4419995546340942
76,0.43396228551864624,-9.650723457336426,-0.02454131655395031,-5.127109527587891,3.1968138217926025,-1.380962610244751
78,0.4650878608226776,-9.670475959777832,-0.01855562999844551,-5.149998664855957,3.2120730876922607,-1.4419995546340942
79,0.43515944480895996,-9.659102439880371,-0.019154198467731476,-5.157628059387207,3.1891841888427734,-1.3580737113952637
80,0.4620950222015381,-9.659701347351074,-0.03052700310945511,-5.134739398956299,3.1891841888427734,-1.3504440784454346
81,0.44593366980552673,-9.64713191986084,-0.052075475454330444,-5.096590995788574,3.1205174922943115,-1.426740288734436
82,0.4447365701198578,-9.666884422302246,-0.04070267081260681,-5.180517196655273,3.166295289993286,-1.426740288734436
83,0.4495251178741455,-9.656109809875488,-0.042498376220464706,-5.104220867156982,3.158665657043457,-1.4038513898849487
85,0.44234228134155273,-9.64832878112793,-0.014365648850798607,-5.096590995788574,3.1815545558929443,-1.4496291875839233
86,0.453715056180954,-9.656708717346191,-0.022745611146092415,-5.127109527587891,3.2120730876922607,-1.4496291875839233
87,0.4315679967403412,-9.673468589782715,-0.05147690698504448,-5.165257930755615,3.21970272064209,-1.4343699216842651
88,0.4465322494506836,-9.674067497253418,-0.03172414004802704,-5.088961601257324,3.1968138217926025,-1.3885921239852905
89,0.4399479925632477,-9.669279098510742,-0.041301239281892776,-5.142368793487549,3.1739249229431152,-1.3733329772949219
90,0.4585036039352417,-9.66748332977295,-0.04070267081260681,-5.104220867156982,3.158665657043457,-1.4343699216842651
92,0.4519193768501282,-9.66628646850586,-0.01855562999844551,-5.119480133056641,3.1815545558929443,-1.4114810228347778
93,0.46448931097984314,-9.675264358520508,-0.0341184139251709,-5.058443069458008,3.2044434547424316,-1.426740288734436
94,0.441145122051239,-9.665687561035156,-0.05566688999533653,-5.188146591186523,3.1968138217926025,-1.419110655784607
95,0.44054654240608215,-9.68364429473877,-0.03651269152760506,-5.149998664855957,3.151036024093628,-1.4114810228347778
96,0.453715056180954,-9.654912948608398,-0.049681201577186584,-5.096590995788574,3.1739249229431152,-1.4419995546340942
97,0.44413796067237854,-9.666884422302246,-0.02932986617088318,-5.180517196655273,3.2120730876922607,-1.3580737113952637
99,0.4620950222015381,-9.671672821044922,-0.015562785789370537,-5.157628059387207,3.2120730876922607,-1.4114810228347778
100,0.4686793088912964,-9.67945384979248,0.010774236172437668,-5.127109527587891,3.242591619491577,-1.4496291875839233
101,0.43695515394210815,-9.672271728515625,-0.052075475454330444,-5.188146591186523,3.234961986541748,-1.4038513898849487
102,0.4531164765357971,-9.681249618530273,-0.013168510980904102,-5.127109527587891,3.1968138217926025,-1.4114810228347778
103,0.45251792669296265,-9.671074867248535,-0.07302538305521011,-5.104220867156982,3.2120730876922607,-1.3962217569351196
104,0.4531164765357971,-9.66209602355957,-0.02454131655395031,-5.119480133056641,3.166295289993286,-1.3733329772949219
106,0.4519193768501282,-9.659102439880371,-0.03890696540474892,-5.134739398956299,3.158665657043457,-1.380962610244751
107,0.44713082909584045,-9.66329288482666,-0.02932986617088318,-5.142368793487549,3.2120730876922607,-1.4038513898849487
108,0.45910221338272095,-9.657905578613281,-0.02334417961537838,-5.134739398956299,3.1815545558929443,-1.3733329772949219
109,0.46448931097984314,-9.657307624816895,-0.04309694468975067,-5.127109527587891,3.21970272064209,-1.4114810228347778
110,0.4740664064884186,-9.67825698852539,-0.03711125999689102,-5.157628059387207,3.1357767581939697,-1.4038513898849487
111,0.4597007632255554,-9.668081283569336,-0.02693559043109417,-5.172887325286865,3.2044434547424316,-1.380962610244751
113,0.45610934495925903,-9.665687561035156,-0.05506831780076027,-5.104220867156982,3.158665657043457,-1.3351848125457764
114,0.43695515394210815,-9.668680191040039,-0.020351335406303406,-5.111850261688232,3.1281471252441406,-1.3962217569351196
115,0.4393494129180908,-9.672869682312012,-0.054469749331474304,-5.165257930755615,3.2044434547424316,-1.3733329772949219
116,0.4381522834300995,-9.660300254821777,-0.05506831780076027,-5.119480133056641,3.227332353591919,-1.4114810228347778
117,0.46089789271354675,-9.66748332977295,-0.04788549616932869,-5.157628059387207,3.2044434547424316,-1.419110655784607
118,0.4513207972049713,-9.660898208618164,-0.004788549616932869,-5.157628059387207,3.1968138217926025,-1.380962610244751
120,0.44892650842666626,-9.674665451049805,-0.03770982846617699,-5.142368793487549,3.1968138217926025,-1.4114810228347778
121,0.4465322494506836,-9.657307624816895,-0.017957061529159546,-5.127109527587891,3.234961986541748,-1.3962217569351196
122,0.4567079246044159,-9.686038970947266,-0.0071828244253993034,-5.127109527587891,3.1815545558929443,-1.3733329772949219
123,0.4872349202632904,-9.686636924743652,-0.02573845349252224,-5.172887325286865,3.143406391143799,-1.3885921239852905
124,0.4632921814918518,-9.67825698852539,-0.04788549616932869,-5.066072463989258,3.166295289993286,-1.4343699216842651
125,0.4543136656284332,-9.686636924743652,-0.026337021961808205,-5.119480133056641,3.158665657043457,-1.3733329772949219
127,0.4435393810272217,-9.687235832214355,-0.016161354258656502,-5.111850261688232,3.234961986541748,-1.3657033443450928
128,0.4519193768501282,-9.657905578613281,-0.0442940816283226,-5.111850261688232,3.2502212524414062,-1.4419995546340942
129,0.4513207972049713,-9.66628646850586,-0.02932986617088318,-5.195776462554932,3.166295289993286,-1.419110655784607
130,0.45610934495925903,-9.671074867248535,-0.008978530764579773,-5.134739398956299,3.227332353591919,-1.4114810228347778
131,0.4429408311843872,-9.689031600952148,-0.0442940816283226,-5.180517196655273,3.143406391143799,-1.4419995546340942
132,0.4477293789386749,-9.665687561035156,-0.009577099233865738,-5.149998664855957,3.158665657043457,-1.4114810228347778
134,0.4513207972049713,-9.66209602355957,-0.03711125999689102,-5.165257930755615,3.1968138217926025,-1.495406985282898
135,0.441145122051239,-9.651321411132812,-0.04189980775117874,-5.127109527587891,3.1968138217926025,-1.4038513898849487
136,0.45012366771698,-9.663891792297363,-0.008978530764579773,-5.188146591186523,3.2120730876922607,-1.380962610244751
137,0.4483279287815094,-9.684842109680176,-0.042498376220464706,-5.172887325286865,3.2044434547424316,-1.3962217569351196
138,0.4543136656284332,-9.6770601272583,-0.011971374042332172,-5.157628059387207,3.2120730876922607,-1.3962217569351196
139,0.43396228551864624,-9.672869682312012,-0.03770982846617699,-5.149998664855957,3.2120730876922607,-1.4648884534835815
141,0.4597007632255554,-9.660898208618164,-0.046089790761470795,-5.180517196655273,3.158665657043457,-1.380962610244751
142,0.45790502429008484,-9.669877052307129,-0.008379961363971233,-5.104220867156982,3.1815545558929443,-1.4038513898849487
143,0.4567079246044159,-9.661497116088867,-0.04788549616932869,-5.211035251617432,3.158665657043457,-1.3504440784454346
144,0.4477293789386749,-9.654314041137695,-0.029928434640169144,-5.142368793487549,3.1891841888427734,-1.3504440784454346
145,0.4620950222015381,-9.66748332977295,-0.019154198467731476,-5.111850261688232,3.151036024093628,-1.426740288734436
146,0.4429408311843872,-9.665687561035156,-0.054469749331474304,-5.241553783416748,3.2502212524414062,-1.3885921239852905
147,0.45072221755981445,-9.66209602355957,-0.023942748084664345,-5.035553932189941,3.1815545558929443,-1.3733329772949219
148,0.4495251178741455,-9.681249618530273,-0.023942748084664345,-5.149998664855957,3.1815545558929443,-1.3962217569351196
149,0.4327651858329773,-9.666884422302246,-0.06105400621891022,-5.165257930755615,3.2120730876922607,-1.4038513898849487
150,0.44054654240608215,-9.681249618530273,-0.011971374042332172,-5.127109527587891,3.21970272064209,-1.3885921239852905
151,0.44593366980552673,-9.67945384979248,-0.0442940816283226,-5.22629451751709,3.143406391143799,-1.4038513898849487
152,0.44892650842666626,-9.662693977355957,-0.013767079450190067,-5.119480133056641,3.2044434547424316,-1.4496291875839233
153,0.4483279287815094,-9.668081283569336,-0.046089790761470795,-5.149998664855957,3.1739249229431152,-1.3962217569351196
154,0.45072221755981445,-9.651920318603516,-0.043695513159036636,-5.203405857086182,3.166295289993286,-1.4114810228347778
155,0.4513207972049713,-9.672271728515625,-0.004788549616932869,-5.195776462554932,3.1815545558929443,-1.426740288734436
156,0.4495251178741455,-9.66329288482666,-0.03830839693546295,-5.165257930755615,3.2044434547424316,-1.4038513898849487
157,0.44593366980552673,-9.655511856079102,-0.03292127698659897,-5.195776462554932,3.2044434547424316,-1.380962610244751
158,0.4585036039352417,-9.662693977355957,-0.052075475454330444,-5.149998664855957,3.1968138217926025,-1.3733329772949219
159,0.4519193768501282,-9.675863265991211,-0.06404685229063034,-5.165257930755615,3.166295289993286,-1.3885921239852905
160,0.4549122154712677,-9.656708717346191,-0.03531555458903313,-5.142368793487549,3.227332353591919,-1.3885921239852905
161,0.4519193768501282,-9.650723457336426,-0.050878338515758514,-5.127109527587891,3.1968138217926025,-1.3885921239852905
162,0.4555107653141022,-9.670475959777832,-0.04189980775117874,-5.172887325286865,3.242591619491577,-1.419110655784607
163,0.4363565444946289,-9.668680191040039,-0.05985686928033829,-5.119480133056641,3.2120730876922607,-1.4114810228347778
164,0.4381522834300995,-9.663891792297363,-0.03770982846617699,-5.180517196655273,3.1891841888427734,-1.3962217569351196
165,0.4495251178741455,-9.686636924743652,-0.06045543774962425,-5.195776462554932,3.1891841888427734,-1.3885921239852905
166,0.44234228134155273,-9.664490699768066,-0.04908263310790062,-5.165257930755615,3.21970272064209,-1.3504440784454346
167,0.4345608651638031,-9.652519226074219,-0.06225114315748215,-5.180517196655273,3.1815545558929443,-1.4038513898849487
168,0.4483279287815094,-9.675863265991211,0.0005985687021166086,-5.088961601257324,3.1815545558929443,-1.4038513898849487
169,0.43575799465179443,-9.6986083984375,-0.048484064638614655,-5.180517196655273,3.1281471252441406,-1.419110655784607
170,0.4483279287815094,-9.659102439880371,-0.03950553387403488,-5.088961601257324,3.1968138217926025,-1.4725180864334106
171,0.44413796067237854,-9.671672821044922,-0.043695513159036636,-5.149998664855957,3.1739249229431152,-1.3962217569351196
172,0.4447365701198578,-9.663891792297363,-0.028731297701597214,-5.165257930755615,3.166295289993286,-1.3733329772949219
173,0.45012366771698,-9.674665451049805,-0.041301239281892776,-5.172887325286865,3.1891841888427734,-1.3580737113952637
174,0.45251792669296265,-9.675863265991211,-0.03711125999689102,-5.127109527587891,3.1968138217926025,-1.4114810228347778
175,0.4513207972049713,-9.670475959777832,-0.04908263310790062,-5.088961601257324,3.1968138217926025,-1.419110655784607
176,0.44234228134155273,-9.662693977355957,-0.06464541703462601,-5.142368793487549,3.227332353591919,-1.419110655784607
177,0.45012366771698,-9.67945384979248,-0.06165257468819618,-5.111850261688232,3.1739249229431152,-1.3733329772949219
178,0.4465322494506836,-9.662693977355957,-0.02932986617088318,-5.172887325286865,3.1815545558929443,-1.419110655784607
179,0.44413796067237854,-9.68364429473877,-0.05746259540319443,-5.172887325286865,3.151036024093628,-1.3733329772949219
180,0.46987640857696533,-9.662693977355957,-0.06524398922920227,-5.142368793487549,3.1968138217926025,-1.380962610244751
181,0.4465322494506836,-9.657905578613281,-0.023942748084664345,-5.188146591186523,3.1891841888427734,-1.3504440784454346
182,0.4555107653141022,-9.67945384979248,-0.019154198467731476,-5.157628059387207,3.1891841888427734,-1.3885921239852905
183,0.4549122154712677,-9.655511856079102,-0.0341184139251709,-5.119480133056641,3.21970272064209,-1.380962610244751
184,0.4483279287815094,-9.663891792297363,-0.03770982846617699,-5.180517196655273,3.21970272064209,-1.3733329772949219
185,0.4513207972049713,-9.684243202209473,-0.03292127698659897,-5.165257930755615,3.21970272064209,-1.4343699216842651
186,0.4477293789386749,-9.680651664733887,-0.01975276693701744,-5.127109527587891,3.1739249229431152,-1.3962217569351196
187,0.44413796067237854,-9.67825698852539,-0.04549122229218483,-5.088961601257324,3.1891841888427734,-1.3962217569351196
188,0.44713082909584045,-9.67945384979248,-0.052075475454330444,-5.088961601257324,3.158665657043457,-1.3580737113952637
189,0.45251792669296265,-9.66748332977295,-0.06165257468819618,-5.149998664855957,3.1815545558929443,-1.3504440784454346
190,0.4740664064884186,-9.678855895996094,-0.010774236172437668,-5.088961601257324,3.2120730876922607,-1.3962217569351196
191,0.46269357204437256,-9.672869682312012,-0.03471698239445686,-5.157628059387207,3.158665657043457,-1.419110655784607
192,0.4447365701198578,-9.666884422302246,-0.05566688999533653,-5.134739398956299,3.1891841888427734,-1.3885921239852905
193,0.44413796067237854,-9.663891792297363,-0.0221470408141613,-5.134739398956299,3.2044434547424316,-1.3733329772949219
194,0.44593366980552673,-9.700404167175293,-0.009577099233865738,-5.22629451751709,3.2044434547424316,-1.3962217569351196
196,0.45251792669296265,-9.684842109680176,-0.03830839693546295,-5.195776462554932,3.21970272064209,-1.419110655784607
197,0.4255823493003845,-9.658504486083984,-0.027534158900380135,-5.149998664855957,3.21970272064209,-1.3657033443450928
198,0.4465322494506836,-9.669279098510742,-0.019154198467731476,-5.127109527587891,3.1891841888427734,-1.419110655784607
199,0.4345608651638031,-9.657307624816895,-0.006584255490452051,-5.149998664855957,3.1815545558929443,-1.4114810228347778
200,0.45012366771698,-9.673468589782715,-0.06464541703462601,-5.149998664855957,3.1891841888427734,-1.380962610244751
201,0.43336373567581177,-9.66748332977295,-0.02693559043109417,-5.157628059387207,3.2120730876922607,-1.3504440784454346
202,0.4429408311843872,-9.687834739685059,-0.04908263310790062,-5.165257930755615,3.1815545558929443,-1.380962610244751
203,0.4417437016963959,-9.656109809875488,-0.03531555458903313,-5.157628059387207,3.1739249229431152,-1.4114810228347778
204,0.4632921814918518,-9.684243202209473,-0.04070267081260681,-5.142368793487549,3.242591619491577,-1.3885921239852905
205,0.43695515394210815,-9.669877052307129,-0.04908263310790062,-5.119480133056641,3.151036024093628,-1.4114810228347778
206,0.441145122051239,-9.655511856079102,-0.005387118086218834,-5.157628059387207,3.21970272064209,-1.4038513898849487
207,0.4345608651638031,-9.674665451049805,-0.043695513159036636,-5.142368793487549,3.1891841888427734,-1.419110655784607
208,0.44413796067237854,-9.672869682312012,-0.025139885023236275,-5.081331729888916,3.143406391143799,-1.4038513898849487
209,0.4543136656284332,-9.66329288482666,-0.054469749331474304,-5.195776462554932,3.166295289993286,-1.3885921239852905
210,0.45610934495925903,-9.650723457336426,-0.028731297701597214,-5.165257930755615,3.2044434547424316,-1.4038513898849487
211,0.4513207972049713,-9.66329288482666,-0.048484064638614655,-5.081331729888916,3.2044434547424316,-1.3504440784454346
212,0.4519193768501282,-9.68364429473877,-0.05387118086218834,-5.195776462554932,3.227332353591919,-1.4114810228347778
213,0.46389076113700867,-9.677658081054688,-0.02334417961537838,-5.127109527587891,3.227332353591919,-1.3962217569351196
214,0.45012366771698,-9.674665451049805,-0.028731297701597214,-5.203405857086182,3.1815545558929443,-1.380962610244751
215,0.4567079246044159,-9.64952564239502,-0.0341184139251709,-5.142368793487549,3.166295289993286,-1.3733329772949219
216,0.4483279287815094,-9.663891792297363,-0.032322708517313004,-5.149998664855957,3.2044434547424316,-1.3733329772949219
217,0.4477293789386749,-9.684842109680176,-0.03591412305831909,-5.142368793487549,3.234961986541748,-1.3885921239852905
218,0.453715056180954,-9.684243202209473,-0.01855562999844551,-5.127109527587891,3.1815545558929443,-1.3733329772949219
219,0.4483279287815094,-9.673468589782715,-0.0341184139251709,-5.127109527587891,3.227332353591919,-1.4038513898849487
220,0.45072221755981445,-9.68244743347168,-0.03292127698659897,-5.081331729888916,3.1968138217926025,-1.3962217569351196
221,0.4393494129180908,-9.659102439880371,-0.042498376220464706,-5.172887325286865,3.21970272064209,-1.426740288734436
222,0.4543136656284332,-9.696213722229004,-0.0341184139251709,-5.119480133056641,3.1968138217926025,-1.3962217569351196
223,0.44713082909584045,-9.676461219787598,-0.06284971535205841,-5.104220867156982,3.1891841888427734,-1.4114810228347778
224,0.4393494129180908,-9.64832878112793,-0.010175667703151703,-5.142368793487549,3.234961986541748,-1.4114810228347778
225,0.4495251178741455,-9.681249618530273,-0.03830839693546295,-5.149998664855957,3.1739249229431152,-1.380962610244751
226,0.4543136656284332,-9.656708717346191,-0.01735849119722843,-5.149998664855957,3.2502212524414062,-1.3657033443450928
227,0.4381522834300995,-9.671074867248535,-0.032322708517313004,-5.149998664855957,3.1891841888427734,-1.380962610244751
228,0.4620950222015381,-9.674665451049805,-0.005985687021166086,-5.142368793487549,3.2044434547424316,-1.3885921239852905
229,0.4567079246044159,-9.687235832214355,-0.041301239281892776,-5.157628059387207,3.2120730876922607,-1.426740288734436
230,0.44413796067237854,-9.669877052307129,-0.04788549616932869,-5.127109527587891,3.1815545558929443,-1.3733329772949219
231,0.45012366771698,-9.669877052307129,-0.032322708517313004,-5.127109527587891,3.158665657043457,-1.3580737113952637
232,0.45790502429008484,-9.66748332977295,-0.04070267081260681,-5.149998664855957,3.143406391143799,-1.3885921239852905
233,0.44713082909584045,-9.680052757263184,-0.01975276693701744,-5.165257930755615,3.1968138217926025,-1.3885921239852905
234,0.4555107653141022,-9.684243202209473,-0.050878338515758514,-5.134739398956299,3.1891841888427734,-1.380962610244751
235,0.44533511996269226,-9.669279098510742,-0.048484064638614655,-5.088961601257324,3.21970272064209,-1.3962217569351196
236,0.44054654240608215,-9.678855895996094,-0.02813272923231125,-5.127109527587891,3.1891841888427734,-1.426740288734436
237,0.4435393810272217,-9.66748332977295,-0.03711125999689102,-5.104220867156982,3.1357767581939697,-1.426740288734436
238,0.44054654240608215,-9.673468589782715,-0.02094990387558937,-5.111850261688232,3.2044434547424316,-1.3885921239852905
239,0.4483279287815094,-9.674067497253418,-0.03711125999689102,-5.096590995788574,3.21970272064209,-1.3351848125457764
240,0.47466495633125305,-9.66209602355957,-0.009577099233865738,-5.142368793487549,3.1739249229431152,-1.419110655784607
241,0.44892650842666626,-9.659701347351074,-0.03830839693546295,-5.111850261688232,3.1815545558929443,-1.3733329772949219
242,0.4447365701198578,-9.668081283569336,-0.029928434640169144,-5.157628059387207,3.2044434547424316,-1.426740288734436
243,0.45072221755981445,-9.68244743347168,-0.023942748084664345,-5.088961601257324,3.1815545558929443,-1.419110655784607
244,0.4519193768501282,-9.680052757263184,-0.03651269152760506,-5.119480133056641,3.21970272064209,-1.3885921239852905
245,0.44054654240608215,-9.66748332977295,-0.013168510980904102,-5.073702335357666,3.2044434547424316,-1.3885921239852905
246,0.46269357204437256,-9.665088653564453,-0.04549122229218483,-5.119480133056641,3.166295289993286,-1.4114810228347778
247,0.4513207972049713,-9.676461219787598,-0.044892650097608566,-5.157628059387207,3.166295289993286,-1.380962610244751
248,0.4543136656284332,-9.662693977355957,-0.03950553387403488,-5.111850261688232,3.151036024093628,-1.4419995546340942
249,0.43875083327293396,-9.674665451049805,-0.05925830081105232,-5.157628059387207,3.166295289993286,-1.426740288734436
250,0.44713082909584045,-9.660898208618164,-0.050878338515758514,-5.127109527587891,3.1968138217926025,-1.3428144454956055
251,0.4393494129180908,-9.674665451049805,-0.041301239281892776,-5.119480133056641,3.2120730876922607,-1.4114810228347778
252,0.45610934495925903,-9.663891792297363,-0.06165257468819618,-5.134739398956299,3.1281471252441406,-1.419110655784607
253,0.44713082909584045,-9.673468589782715,-0.013767079450190067,-5.165257930755615,3.1891841888427734,-1.3962217569351196
254,0.4483279287815094,-9.680052757263184,-0.02693559043109417,-5.119480133056641,3.1968138217926025,-1.4343699216842651
255,0.44533511996269226,-9.686636924743652,-0.021548472344875336,-5.149998664855957,3.234961986541748,-1.4496291875839233
256,0.4465322494506836,-9.675863265991211,-0.04668835923075676,-5.180517196655273,3.2578508853912354,-1.380962610244751
257,0.44533511996269226,-9.690228462219238,-0.03950553387403488,-5.172887325286865,3.2044434547424316,-1.4038513898849487
258,0.4585036039352417,-9.66329288482666,-0.032322708517313004,-5.149998664855957,3.1815545558929443,-1.3885921239852905
259,0.4632921814918518,-9.66329288482666,-0.01975276693701744,-5.119480133056641,3.1739249229431152,-1.4114810228347778
260,0.43216660618782043,-9.658504486083984,-0.05147690698504448,-5.104220867156982,3.166295289993286,-1.3733329772949219
261,0.46269357204437256,-9.687235832214355,-0.06404685229063034,-5.104220867156982,3.2044434547424316,-1.4114810228347778
262,0.44892650842666626,-9.654314041137695,-0.03890696540474892,-5.035553932189941,3.1891841888427734,-1.3885921239852905
263,0.42378664016723633,-9.664490699768066,-0.0221470408141613,-5.172887325286865,3.242591619491577,-1.3580737113952637
264,0.4495251178741455,-9.666884422302246,-0.05147690698504448,-5.195776462554932,3.2120730876922607,-1.4572588205337524
265,0.46269357204437256,-9.657905578613281,-0.0341184139251709,-5.142368793487549,3.1968138217926025,-1.3351848125457764
266,0.43515944480895996,-9.675264358520508,-0.028731297701597214,-5.111850261688232,3.1739249229431152,-1.4038513898849487
267,0.46389076113700867,-9.669877052307129,-0.04668835923075676,-5.127109527587891,3.166295289993286,-1.3885921239852905
268,0.44593366980552673,-9.675264358520508,-0.03890696540474892,-5.180517196655273,3.1739249229431152,-1.4038513898849487
269,0.4555107653141022,-9.66748332977295,-0.041301239281892776,-5.180517196655273,3.1739249229431152,-1.380962610244751
270,0.4656864404678345,-9.680052757263184,-0.02573845349252224,-5.104220867156982,3.21970272064209,-1.3885921239852905
271,0.4363565444946289,-9.699207305908203,-0.03890696540474892,-5.119480133056641,3.2120730876922607,-1.4114810228347778
272,0.4602993130683899,-9.702798843383789,-0.05147690698504448,-5.142368793487549,3.2044434547424316,-1.3657033443450928
273,0.44892650842666626,-9.66748332977295,-0.06464541703462601,-5.165257930755615,3.1815545558929443,-1.4343699216842651
274,0.45012366771698,-9.661497116088867,-0.016161354258656502,-5.142368793487549,3.2044434547424316,-1.4038513898849487
275,0.44593366980552673,-9.669877052307129,-0.03651269152760506,-5.142368793487549,3.1891841888427734,-1.3885921239852905
276,0.437553733587265,-9.66748332977295,-0.015562785789370537,-5.157628059387207,3.1968138217926025,-1.4114810228347778
277,0.4393494129180908,-9.668680191040039,-0.06464541703462601,-5.127109527587891,3.151036024093628,-1.3580737113952637
278,0.4567079246044159,-9.677658081054688,-0.04070267081260681,-5.142368793487549,3.1968138217926025,-1.3657033443450928
279,0.4620950222015381,-9.654912948608398,-0.05566688999533653,-5.142368793487549,3.158665657043457,-1.3962217569351196
280,0.44713082909584045,-9.68244743347168,-0.04309694468975067,-5.203405857086182,3.1968138217926025,-1.4038513898849487
281,0.44892650842666626,-9.669279098510742,-0.052075475454330444,-5.142368793487549,3.1968138217926025,-1.3962217569351196
282,0.4243851900100708,-9.678855895996094,-0.02454131655395031,-5.165257930755615,3.143406391143799,-1.4572588205337524
283,0.44713082909584045,-9.688432693481445,-0.0341184139251709,-5.111850261688232,3.143406391143799,-1.4343699216842651
284,0.43515944480895996,-9.675863265991211,-0.03531555458903313,-5.134739398956299,3.1739249229431152,-1.4343699216842651
285,0.4531164765357971,-9.675863265991211,-0.050878338515758514,-5.104220867156982,3.21970272064209,-1.380962610244751
286,0.437553733587265,-9.66329288482666,-0.041301239281892776,-5.157628059387207,3.1739249229431152,-1.4114810228347778
287,0.43037089705467224,-9.680651664733887,-0.04908263310790062,-5.149998664855957,3.158665657043457,-1.3504440784454346
288,0.4429408311843872,-9.693221092224121,-0.03711125999689102,-5.119480133056641,3.1891841888427734,-1.3657033443450928
289,0.4650878608226776,-9.695615768432617,-0.06404685229063034,-5.195776462554932,3.151036024093628,-1.419110655784607
290,0.4597007632255554,-9.676461219787598,-0.012569942511618137,-5.111850261688232,3.143406391143799,-1.4038513898849487
291,0.4399479925632477,-9.681249618530273,-0.013767079450190067,-5.149998664855957,3.1891841888427734,-1.3885921239852905
292,0.4447365701198578,-9.668680191040039,-0.07601822167634964,-5.088961601257324,3.1281471252441406,-1.3962217569351196
293,0.4483279287815094,-9.675264358520508,-0.032322708517313004,-5.111850261688232,3.1968138217926025,-1.3885921239852905
294,0.45072221755981445,-9.68364429473877,-0.06404685229063034,-5.096590995788574,3.1815545558929443,-1.426740288734436
295,0.4531164765357971,-9.651920318603516,-0.02334417961537838,-5.081331729888916,3.166295289993286,-1.4114810228347778
296,0.4399479925632477,-9.681848526000977,-0.047286927700042725,-5.142368793487549,3.1891841888427734,-1.4343699216842651
297,0.4417437016963959,-9.66628646850586,-0.005387118086218834,-5.188146591186523,3.2044434547424316,-1.4114810228347778
299,0.4381522834300995,-9.67825698852539,-0.01855562999844551,-5.149998664855957,3.1968138217926025,-1.426740288734436
300,0.45910221338272095,-9.666884422302246,-0.044892650097608566,-5.104220867156982,3.151036024093628,-1.3504440784454346
301,0.42378664016723633,-9.66748332977295,-0.02932986617088318,-5.081331729888916,3.166295289993286,-1.3962217569351196
302,0.45072221755981445,-9.681848526000977,-0.04788549616932869,-5.119480133056641,3.1891841888427734,-1.4038513898849487
303,0.4465322494506836,-9.675863265991211,-0.06284971535205841,-5.127109527587891,3.2120730876922607,-1.3885921239852905
304,0.4435393810272217,-9.663891792297363,-0.04668835923075676,-5.104220867156982,3.151036024093628,-1.3733329772949219
305,0.4513207972049713,-9.675264358520508,-0.02334417961537838,-5.149998664855957,3.1968138217926025,-1.4038513898849487
306,0.45730647444725037,-9.681848526000977,-0.04668835923075676,-5.081331729888916,3.2120730876922607,-1.4114810228347778
307,0.43336373567581177,-9.685440063476562,-0.01855562999844551,-5.180517196655273,3.166295289993286,-1.380962610244751
308,0.4549122154712677,-9.675264358520508,-0.027534158900380135,-5.096590995788574,3.158665657043457,-1.380962610244751
309,0.441145122051239,-9.690228462219238,0.007781392894685268,-5.119480133056641,3.1891841888427734,-1.3733329772949219
310,0.47466495633125305,-9.685440063476562,-0.049681201577186584,-5.195776462554932,3.242591619491577,-1.4114810228347778
311,0.4513207972049713,-9.668081283569336,-0.03052700310945511,-5.104220867156982,3.1739249229431152,-1.4114810228347778
312,0.45012366771698,-9.676461219787598,-0.05686402693390846,-5.233924388885498,3.166295289993286,-1.3962217569351196
313,0.4309694468975067,-9.674665451049805,-0.03471698239445686,-5.104220867156982,3.1968138217926025,-1.4114810228347778
314,0.4297723174095154,-9.673468589782715,-0.03172414004802704,-5.157628059387207,3.242591619491577,-1.380962610244751
315,0.4477293789386749,-9.66748332977295,-0.03292127698659897,-5.134739398956299,3.1891841888427734,-1.3657033443450928
316,0.4429408311843872,-9.684842109680176,-0.0035914122126996517,-5.134739398956299,3.1739249229431152,-1.4114810228347778
317,0.44054654240608215,-9.664490699768066,-0.05686402693390846,-5.142368793487549,3.1891841888427734,-1.4572588205337524
318,0.4597007632255554,-9.676461219787598,-0.028731297701597214,-5.088961601257324,3.1739249229431152,-1.3733329772949219
319,0.4477293789386749,-9.668081283569336,-0.03711125999689102,-5.142368793487549,3.158665657043457,-1.419110655784607
320,0.4465322494506836,-9.677658081054688,-0.0562654584646225,-5.22629451751709,3.227332353591919,-1.4114810228347778
321,0.46448931097984314,-9.674067497253418,-0.03770982846617699,-5.134739398956299,3.166295289993286,-1.3962217569351196
322,0.45790502429008484,-9.660300254821777,-0.03830839693546295,-5.157628059387207,3.1891841888427734,-1.3962217569351196
323,0.437553733587265,-9.669877052307129,-0.03471698239445686,-5.157628059387207,3.166295289993286,-1.4419995546340942
324,0.4585036039352417,-9.665687561035156,-0.03830839693546295,-5.088961601257324,3.1968138217926025,-1.3733329772949219
325,0.4417437016963959,-9.675264358520508,-0.03830839693546295,-5.134739398956299,3.1815545558929443,-1.4114810228347778
326,0.4602993130683899,-9.674067497253418,-0.009577099233865738,-5.096590995788574,3.1891841888427734,-1.3962217569351196
327,0.4495251178741455,-9.681249618530273,-0.008978530764579773,-5.165257930755615,3.1968138217926025,-1.3733329772949219
328,0.43037089705467224,-9.672271728515625,-0.05925830081105232,-5.142368793487549,3.1815545558929443,-1.426740288734436
329,0.4519193768501282,-9.650723457336426,-0.043695513159036636,-5.104220867156982,3.1815545558929443,-1.3885921239852905
330,0.45072221755981445,-9.664490699768066,-0.06883540004491806,-5.142368793487549,3.1891841888427734,-1.3657033443450928
331,0.4465322494506836,-9.670475959777832,-0.043695513159036636,-5.180517196655273,3.1891841888427734,-1.3885921239852905
332,0.441145122051239,-9.658504486083984,-0.027534158900380135,-5.142368793487549,3.2044434547424316,-1.4114810228347778
333,0.453715056180954,-9.677658081054688,-0.017957061529159546,-5.157628059387207,3.21970272064209,-1.380962610244751
334,0.4393494129180908,-9.66329288482666,-0.06464541703462601,-5.088961601257324,3.166295289993286,-1.4038513898849487
335,0.43515944480895996,-9.663891792297363,-0.05027977004647255,-5.111850261688232,3.1815545558929443,-1.380962610244751
336,0.4447365701198578,-9.699207305908203,-0.03830839693546295,-5.119480133056641,3.1891841888427734,-1.419110655784607
337,0.4381522834300995,-9.674067497253418,-0.029928434640169144,-5.096590995788574,3.242591619491577,-1.3580737113952637
338,0.422589510679245,-9.668680191040039,-0.05147690698504448,-5.142368793487549,3.1739249229431152,-1.380962610244751
339,0.4345608651638031,-9.67825698852539,-0.03172414004802704,-5.211035251617432,3.2120730876922607,-1.3657033443450928
340,0.4447365701198578,-9.680052757263184,-0.029928434640169144,-5.104220867156982,3.2120730876922607,-1.4038513898849487
341,0.4513207972049713,-9.665088653564453,-0.020351335406303406,-5.111850261688232,3.2044434547424316,-1.3962217569351196
342,0.4513207972049713,-9.662693977355957,-0.049681201577186584,-5.066072463989258,3.1815545558929443,-1.4038513898849487
343,0.45251792669296265,-9.674665451049805,-0.04668835923075676,-5.142368793487549,3.166295289993286,-1.4343699216842651
344,0.4417437016963959,-9.659102439880371,-0.03591412305831909,-5.165257930755615,3.1815545558929443,-1.3885921239852905
345,0.4519193768501282,-9.695615768432617,-0.02813272923231125,-5.165257930755615,3.1205174922943115,-1.3428144454956055
346,0.4345608651638031,-9.668680191040039,-0.010175667703151703,-5.165257930755615,3.227332353591919,-1.4038513898849487
347,0.4393494129180908,-9.666884422302246,-0.041301239281892776,-5.134739398956299,3.2044434547424316,-1.4496291875839233
348,0.4465322494506836,-9.680651664733887,-0.03591412305831909,-5.127109527587891,3.1968138217926025,-1.3962217569351196
349,0.4435393810272217,-9.67945384979248,-0.052075475454330444,-5.088961601257324,3.1968138217926025,-1.3657033443450928
350,0.4543136656284332,-9.675863265991211,-0.04309694468975067,-5.142368793487549,3.1891841888427734,-1.426740288734436
351,0.46269357204437256,-9.664490699768066,-0.028731297701597214,-5.188146591186523,3.2044434547424316,-1.4038513898849487
352,0.44413796067237854,-9.674665451049805,-0.02454131655395031,-5.195776462554932,3.2044434547424316,-1.419110655784607
353,0.441145122051239,-9.66628646850586,-0.049681201577186584,-5.081331729888916,3.1739249229431152,-1.4114810228347778
354,0.426180899143219,-9.6770601272583,-0.021548472344875336,-5.157628059387207,3.1815545558929443,-1.4343699216842651
355,0.44533511996269226,-9.654912948608398,-0.03950553387403488,-5.157628059387207,3.143406391143799,-1.4419995546340942
356,0.4483279287815094,-9.659102439880371,-0.0442940816283226,-5.119480133056641,3.166295289993286,-1.380962610244751
357,0.4513207972049713,-9.66628646850586,-0.03172414004802704,-5.134739398956299,3.1891841888427734,-1.3733329772949219
358,0.4429408311843872,-9.675863265991211,-0.03890696540474892,-5.111850261688232,3.143406391143799,-1.3733329772949219
359,0.426180899143219,-9.66748332977295,-0.02573845349252224,-5.127109527587891,3.1891841888427734,-1.3885921239852905
360,0.4555107653141022,-9.671672821044922,-0.044892650097608566,-5.149998664855957,3.151036024093628,-1.3351848125457764
361,0.4447365701198578,-9.666884422302246,-0.05267404392361641,-5.127109527587891,3.1357767581939697,-1.426740288734436
362,0.4465322494506836,-9.666884422302246,-0.047286927700042725,-5.088961601257324,3.1968138217926025,-1.3885921239852905
363,0.4716721177101135,-9.673468589782715,-0.0221470408141613,-5.0508131980896,3.143406391143799,-1.4114810228347778
364,0.43875083327293396,-9.672869682312012,-0.03471698239445686,-5.157628059387207,3.1891841888427734,-1.3733329772949219
365,0.4429408311843872,-9.691425323486328,-0.0664411261677742,-5.172887325286865,3.1281471252441406,-1.3428144454956055
366,0.44413796067237854,-9.680651664733887,-0.02573845349252224,-5.073702335357666,3.1815545558929443,-1.426740288734436
367,0.4477293789386749,-9.676461219787598,-0.06284971535205841,-5.195776462554932,3.2120730876922607,-1.3962217569351196
368,0.44593366980552673,-9.674067497253418,-0.03651269152760506,-5.134739398956299,3.1815545558929443,-1.3885921239852905
369,0.4429408311843872,-9.668680191040039,-0.06045543774962425,-5.088961601257324,3.143406391143799,-1.380962610244751
370,0.4399479925632477,-9.671074867248535,-0.014365648850798607,-5.172887325286865,3.21970272064209,-1.419110655784607
371,0.4417437016963959,-9.654314041137695,-0.004189980681985617,-5.119480133056641,3.151036024093628,-1.3733329772949219
372,0.4495251178741455,-9.66628646850586,-0.033519845455884933,-5.256813049316406,3.1815545558929443,-1.3885921239852905
373,0.4543136656284332,-9.661497116088867,-0.02573845349252224,-5.211035251617432,3.2044434547424316,-1.3657033443450928
374,0.44892650842666626,-9.681249618530273,-0.03890696540474892,-5.127109527587891,3.2044434547424316,-1.4114810228347778
375,0.46089789271354675,-9.671672821044922,-0.05686402693390846,-5.21866512298584,3.2120730876922607,-1.4038513898849487
376,0.46448931097984314,-9.671672821044922,-0.014964217320084572,-5.058443069458008,3.1968138217926025,-1.380962610244751
377,0.4531164765357971,-9.666884422302246,-0.05027977004647255,-5.073702335357666,3.242591619491577,-1.3962217569351196
378,0.45012366771698,-9.68364429473877,-0.025139885023236275,-5.188146591186523,3.1891841888427734,-1.4343699216842651
379,0.4417437016963959,-9.669279098510742,-0.015562785789370537,-5.088961601257324,3.158665657043457,-1.4038513898849487
380,0.4381522834300995,-9.66748332977295,-0.04788549616932869,-5.22629451751709,3.242591619491577,-1.426740288734436
381,0.4381522834300995,-9.658504486083984,-0.04309694468975067,-5.096590995788574,3.166295289993286,-1.4114810228347778
382,0.44713082909584045,-9.651321411132812,-0.05925830081105232,-5.142368793487549,3.151036024093628,-1.4038513898849487
383,0.43216660618782043,-9.692623138427734,-0.07122967392206192,-5.180517196655273,3.1891841888427734,-1.4038513898849487
384,0.4704749882221222,-9.671074867248535,-0.033519845455884933,-5.066072463989258,3.1357767581939697,-1.4114810228347778
385,0.4315679967403412,-9.6770601272583,-0.0562654584646225,-5.172887325286865,3.1739249229431152,-1.3657033443450928
386,0.4345608651638031,-9.662693977355957,-0.0341184139251709,-5.088961601257324,3.1968138217926025,-1.380962610244751
387,0.45251792669296265,-9.660898208618164,-0.02454131655395031,-5.21866512298584,3.151036024093628,-1.3733329772949219
388,0.4513207972049713,-9.669279098510742,-0.022745611146092415,-5.203405857086182,3.2044434547424316,-1.3657033443450928
389,0.4477293789386749,-9.656109809875488,-0.004788549616932869,-5.134739398956299,3.2120730876922607,-1.4343699216842651
390,0.437553733587265,-9.652519226074219,-0.02693559043109417,-5.195776462554932,3.1815545558929443,-1.4114810228347778
391,0.4399479925632477,-9.657905578613281,-0.032322708517313004,-5.172887325286865,3.151036024093628,-1.4419995546340942
392,0.441145122051239,-9.657905578613281,-0.05506831780076027,-5.119480133056641,3.2044434547424316,-1.4038513898849487
393,0.43695515394210815,-9.662693977355957,-0.03531555458903313,-5.21866512298584,3.227332353591919,-1.3733329772949219
394,0.4555107653141022,-9.665088653564453,-0.03292127698659897,-5.073702335357666,3.166295289993286,-1.4038513898849487
395,0.43575799465179443,-9.654912948608398,-0.06105400621891022,-5.119480133056641,3.1968138217926025,-1.3885921239852905
396,0.4417437016963959,-9.6770601272583,-0.03711125999689102,-5.195776462554932,3.151036024093628,-1.419110655784607
397,0.4650878608226776,-9.661497116088867,-0.054469749331474304,-5.04318380355835,3.1968138217926025,-1.419110655784607
398,0.453715056180954,-9.659701347351074,-0.019154198467731476,-5.172887325286865,3.1891841888427734,-1.3657033443450928
399,0.45072221755981445,-9.673468589782715,-0.03471698239445686,-5.127109527587891,3.2044434547424316,-1.380962610244751
400,0.45610934495925903,-9.687235832214355,0.0017957061063498259,-5.149998664855957,3.1815545558929443,-1.3962217569351196
402,0.45251792669296265,-9.657307624816895,-0.05925830081105232,-5.157628059387207,3.158665657043457,-1.4343699216842651
403,0.43396228551864624,-9.676461219787598,-0.02334417961537838,-5.195776462554932,3.166295289993286,-1.3657033443450928
404,0.43695515394210815,-9.675264358520508,-0.03591412305831909,-5.104220867156982,3.1968138217926025,-1.3733329772949219
405,0.453715056180954,-9.659701347351074,-0.020351335406303406,-5.096590995788574,3.151036024093628,-1.419110655784607
406,0.4513207972049713,-9.672869682312012,-0.048484064638614655,-5.149998664855957,3.1815545558929443,-1.4343699216842651
407,0.4345608651638031,-9.674067497253418,-0.02454131655395031,-5.119480133056641,3.234961986541748,-1.380962610244751
408,0.45910221338272095,-9.645336151123047,-0.03052700310945511,-5.134739398956299,3.21970272064209,-1.4114810228347778
409,0.45610934495925903,-9.688432693481445,-0.06165257468819618,-5.096590995788574,3.1739249229431152,-1.4038513898849487
410,0.4531164765357971,-9.673468589782715,-0.06344828009605408,-5.149998664855957,3.1968138217926025,-1.3885921239852905
411,0.4345608651638031,-9.673468589782715,-0.04549122229218483,-5.142368793487549,3.1815545558929443,-1.3885921239852905
412,0.45251792669296265,-9.652519226074219,-0.015562785789370537,-5.119480133056641,3.1357767581939697,-1.380962610244751
413,0.4435393810272217,-9.66329288482666,-0.048484064638614655,-5.088961601257324,3.227332353591919,-1.4343699216842651
414,0.441145122051239,-9.657307624816895,-0.03531555458903313,-5.188146591186523,3.2120730876922607,-1.380962610244751
415,0.4315679967403412,-9.671672821044922,-0.03950553387403488,-5.088961601257324,3.1968138217926025,-1.4114810228347778
416,0.45072221755981445,-9.693819999694824,-0.007781392894685268,-5.119480133056641,3.2044434547424316,-1.426740288734436
417,0.4477293789386749,-9.657307624816895,-0.07242681086063385,-5.111850261688232,3.158665657043457,-1.4038513898849487
418,0.4477293789386749,-9.672869682312012,-0.05925830081105232,-5.066072463989258,3.242591619491577,-1.380962610244751
419,0.44234228134155273,-9.670475959777832,-0.031125571578741074,-5.165257930755615,3.2120730876922607,-1.4038513898849487
420,0.43336373567581177,-9.669279098510742,-0.05806116387248039,-5.149998664855957,3.166295289993286,-1.4114810228347778
421,0.44892650842666626,-9.670475959777832,-0.03292127698659897,-5.134739398956299,3.2120730876922607,-1.3657033443450928
422,0.43875083327293396,-9.671074867248535,-0.050878338515758514,-5.172887325286865,3.1968138217926025,-1.3657033443450928
423,0.45790502429008484,-9.669877052307129,-0.03890696540474892,-5.111850261688232,3.166295289993286,-1.3504440784454346
424,0.4393494129180908,-9.674665451049805,-0.06584255397319794,-5.142368793487549,3.242591619491577,-1.3657033443450928
425,0.46927785873413086,-9.665687561035156,-0.052075475454330444,-5.195776462554932,3.1815545558929443,-1.4114810228347778
426,0.4435393810272217,-9.66628646850586,-0.043695513159036636,-5.096590995788574,3.1968138217926025,-1.3962217569351196
427,0.46089789271354675,-9.648927688598633,-0.03890696540474892,-5.127109527587891,3.158665657043457,-1.419110655784607
428,0.4435393810272217,-9.680052757263184,-0.03651269152760506,-5.111850261688232,3.1739249229431152,-1.4114810228347778
429,0.45910221338272095,-9.676461219787598,-0.06404685229063034,-5.134739398956299,3.1357767581939697,-1.3504440784454346
430,0.4345608651638031,-9.672271728515625,-0.05806116387248039,-5.127109527587891,3.1968138217926025,-1.4114810228347778
431,0.4393494129180908,-9.691425323486328,-0.043695513159036636,-5.119480133056641,3.1891841888427734,-1.3962217569351196
